id,month,year,season
2437142021507291062,11,2020,
2436675082257532159,11,2020,autumn
2436637524422895384,11,2020,autumn
2436548990089449096,11,2020,
2436542496284601679,11,2020,autumn
2435915155230759978,11,2020,autumn
2435871724137345348,11,2020,
2435307224009016878,11,2020,
2433665443217380191,11,2020,
2430668265720951281,10,2020,
2430008824965290135,10,2020,
2429240581597030904,10,2020,autumn
2427748436265473583,10,2020,autumn
2427207937700045330,10,2020,
2426426004350649125,10,2020,
2425723170013963520,10,2020,
2425434610268996183,10,2020,
2424913456766319318,10,2020,
2424883382817039854,10,2020,
2424852910444638144,10,2020,autumn
2424841212688292723,10,2020,autumn
2424081213831390997,10,2020,
2423945294298131568,10,2020,autumn
2423602625364920899,10,2020,
2260890240984114956,3,2020,
2260332845910025407,3,2020,
2258238167299609487,3,2020,
2384765249549962085,8,2020,
2384451164623413613,8,2020,summer
2384387111091329035,8,2020,
2384235613803818974,8,2020,
2383791538042691648,8,2020,
2383667396005955634,8,2020,
2383622219493097212,8,2020,
2383566451666502507,8,2020,
2383348822376815286,8,2020,
2382928221069670082,8,2020,
2382913513440867768,8,2020,
2382115765820905815,8,2020,
2380878774370410909,8,2020,summer
2380846693774898958,8,2020,
2380736173856110849,8,2020,
2380131704420244338,8,2020,
2380074934054373898,8,2020,
2379938945859125503,8,2020,
2379879372239435684,8,2020,
2379375001286438896,8,2020,
2379253574734196093,8,2020,
2377217156432314478,8,2020,
2377054914009292915,8,2020,
2377028814440847598,8,2020,
2351096304603441345,7,2020,
2350928251366727961,7,2020,
2350781964663207604,7,2020,
2350270108420347821,7,2020,
2348986246006976549,7,2020,
2348024449252430754,7,2020,
2347401439163998063,7,2020,
2346736583367434721,7,2020,
2346724533987593740,7,2020,
2346500699459778886,7,2020,
2346088465932063822,7,2020,
2345946033266952158,7,2020,
2345362298758858858,7,2020,
2340906116786843900,6,2020,
2337427878163301443,6,2020,
2337120292656055544,6,2020,
2331229016812634674,6,2020,
2330780171898095405,6,2020,
2330746068794225269,6,2020,
2329090271886647623,6,2020,
2327855220928827855,6,2020,
2327108718679584771,6,2020,
2327006098287911966,6,2020,
2324253435670450286,6,2020,
2452329832338820838,11,2020,
2451923814517060885,11,2020,
2450183454241101311,11,2020,
2449813481321369124,11,2020,
2449812448331317896,11,2020,
2449811793935985885,11,2020,
2449396014937625399,11,2020,
2449394902625129370,11,2020,
2448868301206426088,11,2020,
2448297231850471125,11,2020,
2447243072812360304,11,2020,
2446805259886894815,11,2020,
2444478774509552124,11,2020,autumn
2441774067609313364,11,2020,
2441725493265589870,11,2020,
2441479143471092838,11,2020,
2441458371801767621,11,2020,
2441087998559716193,11,2020,
2441085883523015918,11,2020,
2440824222127111186,11,2020,
2439469232105133158,11,2020,
2438815653728034082,11,2020,
2438487193486822531,11,2020,autumn
2437989490226952939,11,2020,
2366931004022346842,8,2020,
2366772704763385928,8,2020,
2366354336446412410,8,2020,
2366307137163692033,8,2020,
2366065030293488150,8,2020,
2365582911649810153,7,2020,
2365341874578563421,7,2020,
2365251731226185365,7,2020,summer
2364786355816182257,7,2020,
2364538928497055454,7,2020,summer
2364532831580669231,7,2020,
2364055319449396761,7,2020,
2363423952484759553,7,2020,
2363159602568051037,7,2020,
2362590837623630043,7,2020,
2362589796806476139,7,2020,
2362579332865994397,7,2020,
2362031682013191063,7,2020,
2362025717234918146,7,2020,
2362006232065427483,7,2020,
2361979808312548256,7,2020,
2361934867024717693,7,2020,summer
2361894841008191109,7,2020,
2361848589797095352,7,2020,
2361302559648362404,7,2020,
2361109524021792454,7,2020,
2359592339650862766,7,2020,
2359464278632435032,7,2020,
2358878689260570075,7,2020,
2358376034448940280,7,2020,
2358297021487860562,7,2020,
2358160703058416144,7,2020,
2358019403701710284,7,2020,
2357656577304181592,7,2020,
2357604405498343494,7,2020,
2356622264395638456,7,2020,
2356077887659890577,7,2020,
2354778760909481455,7,2020,
2354064275357418806,7,2020,
2353174141170667781,7,2020,
2353130144918156126,7,2020,
2352276315007970872,7,2020,
2351874873356033650,7,2020,
2351819647266816982,7,2020,
2351811311639517204,7,2020,
2351668355475050794,7,2020,
2351627194268608501,7,2020,summer
2351573538938278504,7,2020,
2324154201717725226,6,2020,
2323462314226911575,6,2020,
2322006728823978948,6,2020,
2317478851768159364,5,2020,
2316230869570091692,5,2020,
2315979548813880061,5,2020,
2315516084412535199,5,2020,
2315418411127293280,5,2020,
2313817883737483556,5,2020,
2313812923922555971,5,2020,
2311851362840624996,5,2020,
2311763293360332009,5,2020,
2310426774960296741,5,2020,
2307644498468756884,5,2020,
2307455464440750171,5,2020,spring
2306589922314089457,5,2020,spring
2305267532403515239,5,2020,
2304650392996313488,5,2020,
2303136771946590320,5,2020,
2288893129080094718,4,2020,
2271398973365102723,3,2020,spring
2268455570847398750,3,2020,
2265340707103146530,3,2020,
2263199292846188993,3,2020,
2474105668549488280,12,2020,
2473488129023371250,12,2020,
2468248884345813629,12,2020,
2467063836488741546,12,2020,
2466483901741627540,12,2020,
2466473275833108650,12,2020,
2466068795293987583,12,2020,
2456219577204113464,12,2020,
2456173064761751272,12,2020,winter
2454131481107731349,11,2020,
2454128039328747617,11,2020,
2454125281280363873,11,2020,
2454123174187934610,11,2020,
2454121662887759324,11,2020,
2454119547339590458,11,2020,
2452333130520947840,11,2020,
2377010701991490313,8,2020,
2376885424970122704,8,2020,
2376099894854013638,8,2020,
2374076383004202004,8,2020,
2373664946225194262,8,2020,
2372912333184617390,8,2020,
2372732040792890163,8,2020,
2372684632901314461,8,2020,
2372665859817449967,8,2020,
2372662364518863960,8,2020,
2371837642114090526,8,2020,
2371477947654371710,8,2020,
2371421336546182652,8,2020,
2371391866695270076,8,2020,
2370742346340862327,8,2020,
2370648432275559838,8,2020,
2369975779780979140,8,2020,
2369970688214476575,8,2020,
2369763382742231610,8,2020,
2369371668899351385,8,2020,
2368256884862845246,8,2020,
2367634300647274338,8,2020,
2367598750238427335,8,2020,
2393811781670615883,9,2020,
2393743025325916544,9,2020,
2393615338589627930,9,2020,
2393569704160511413,9,2020,
2393139076269485535,9,2020,
2392520950489613286,9,2020,
2391573633469175328,9,2020,summer
2391478873947996132,9,2020,
2391401914779933857,9,2020,
2391025121400461249,9,2020,
2390951096061156668,9,2020,
2390160248642770291,9,2020,
2389244995497554122,9,2020,summer
2388001636357089593,8,2020,
2387999737008510687,8,2020,
2387215127811026640,8,2020,
2387175403482297913,8,2020,
2386642258477739492,8,2020,
2386606342419523931,8,2020,
2385238665054909467,8,2020,
2385201533904865864,8,2020,
2385166609839752398,8,2020,
2385012926940763075,8,2020,
2384941904583091376,8,2020,
2405489899477600564,9,2020,
2405311674733898709,9,2020,
2405271225973562650,9,2020,autumn
2404664436131192392,9,2020,
2404570101930819538,9,2020,summer
2404126158096731538,9,2020,
2404094511880675200,9,2020,
2403875524441975944,9,2020,
2403871054564245200,9,2020,
2400769737867291559,9,2020,
2400722368631644574,9,2020,
2400364975106680548,9,2020,autumn
2400330976399625627,9,2020,
2400095262887731688,9,2020,
2400043172737428606,9,2020,
2399314791532069818,9,2020,
2399274304752973036,9,2020,
2398851969178150595,9,2020,
2398598026200305128,9,2020,
2397963513250179639,9,2020,
2397378667528280243,9,2020,
2396612679849349116,9,2020,
2396483131598055202,9,2020,
2393917115231667596,9,2020,
2423540970296895938,10,2020,autumn
2423359684768405505,10,2020,
2422828940324588265,10,2020,
2422804963660143461,10,2020,
2422612959933887718,10,2020,
2417818152119166634,10,2020,
2417792874165805429,10,2020,autumn
2417784129904154340,10,2020,
2417770879359421894,10,2020,
2416797534669324731,10,2020,
2416149062037024599,10,2020,
2416054031842453188,10,2020,
2415249583117175784,10,2020,
2414532846801583691,10,2020,autumn
2414516037213962175,10,2020,
2414196366395083348,10,2020,
2413135256801267798,10,2020,
2411807721165466521,10,2020,autumn
2410276199036002801,10,2020,
2409632728275708448,9,2020,
2408240496903100136,9,2020,
2407532809846749853,9,2020,
2407369212932128328,9,2020,autumn
2406029100659334958,9,2020,summer
2058406407654344306,6,2019,
2058112536361940158,6,2019,
2057401339371283975,6,2019,summer
2056794571524011772,6,2019,
2056767252694920015,6,2019,
2056637145636485235,6,2019,
2056613591968674358,6,2019,
2055105454971499316,5,2019,
2053265226658354699,5,2019,
2053100399619297554,5,2019,
2052332180285553158,5,2019,
2050306268138074704,5,2019,
2049650930441922167,5,2019,spring
2049643160360869408,5,2019,
2047217977791224051,5,2019,
2047120998596897379,5,2019,spring
2046727191041001705,5,2019,
2046623897461888900,5,2019,spring
2045810494393820309,5,2019,
2045189043169328005,5,2019,
2044141309258188418,5,2019,
2043458399888303808,5,2019,
2042760065156635851,5,2019,spring
2042149638726894510,5,2019,
2041674598424211701,5,2019,
2040583278431323310,5,2019,
2039932353178052539,5,2019,spring
2039797071666760484,5,2019,spring
2039311487497165268,5,2019,
2039224878867102550,5,2019,
2039158446133114784,5,2019,
2039079452087944232,5,2019,
2038013045699472429,5,2019,
2037257959444312509,5,2019,
2037102975347876059,5,2019,
2037101954337056415,5,2019,
2037101353309833880,5,2019,
2035598422693676250,5,2019,spring
2035598280187985824,5,2019,spring
2035598161522781402,5,2019,spring
2035598028865360506,5,2019,spring
2035597827362546174,5,2019,spring
2035597672064228713,5,2019,spring
2035597537141916879,5,2019,spring
2035597406363547539,5,2019,spring
2035597278940629888,5,2019,spring
2035026681279685123,5,2019,
2034757103922470877,5,2019,
2034374695161339810,5,2019,spring
2034251062923383020,5,2019,
2034233958006278835,5,2019,spring
2033708285340914346,4,2019,
2033647865360155049,4,2019,
2032310267672779408,4,2019,
2032202921332169930,4,2019,
2032051593352042207,4,2019,spring
2031919321732444518,4,2019,
2031479493021292336,4,2019,
2031253119882718514,4,2019,spring
2030820945148552229,4,2019,
2030796382096351803,4,2019,
2030589322411057628,4,2019,
2029251893351884293,4,2019,spring
2027757453021742311,4,2019,summer
2027692265408926134,4,2019,
1880675671618189322,10,2018,
1873608028752044932,9,2018,
1763740704204500408,4,2018,spring
2474231526895617392,12,2020,
2458046519230531786,12,2020,autumn
2448003399205842667,11,2020,
2447563850247979318,11,2020,
2438138187588417490,11,2020,autumn
2437805394053865391,11,2020,autumn
2437349272242821117,11,2020,
2437248233196255332,11,2020,autumn
2437247285434703978,11,2020,autumn
2436420215182926983,11,2020,
2351854979679378957,7,2020,
2351581184902742330,7,2020,
2349670892407541414,7,2020,summer
2348625941352964550,7,2020,
2348209648383096266,7,2020,
2347193297489245622,7,2020,summer
2347091382480365560,7,2020,
2345727906885259213,7,2020,
2345098963073266034,7,2020,
2343085823519116379,6,2020,
2341638777885096511,6,2020,
2340664533919390624,6,2020,
2340573526422730199,6,2020,
2339978309747604821,6,2020,
2339622958445905316,6,2020,autumn
2338822138634338837,6,2020,
2338582101116260539,6,2020,
2337251270544109929,6,2020,
2335527341519908475,6,2020,
2335190920852202099,6,2020,
2334078320051517195,6,2020,
2333456500348819743,6,2020,
2332327834365578964,6,2020,
2330672308785527512,6,2020,
2329950411590384257,6,2020,
2329288097123954312,6,2020,
2329182776556773835,6,2020,
2328705012346999768,6,2020,
2328704173847015405,6,2020,
2328703319861529915,6,2020,
2328699439407148589,6,2020,
2324298466154384702,6,2020,
2322115025610675691,6,2020,spring
2321311725730534544,5,2020,
2318462833984962959,5,2020,
2318237625747393305,5,2020,spring
2318237429336482391,5,2020,spring
2318237262478713736,5,2020,spring
2317034469805796532,5,2020,
2316699487757546828,5,2020,
2316299355031594666,5,2020,
2315487964238444079,5,2020,
2314604062351101717,5,2020,
2313351175167932404,5,2020,
2313236488166170595,5,2020,
2312680534905952196,5,2020,
2312496071237874185,5,2020,
2311137984476151760,5,2020,
2307493091996385124,5,2020,
2306135154896113390,5,2020,
2304488597780118976,5,2020,
2303977433950163464,5,2020,
2292453124744342442,4,2020,
2284357262803773417,4,2020,spring
2283665867627406124,4,2020,spring
2281157296247302310,4,2020,
2279959493554898584,4,2020,
2278494603076929203,4,2020,
2277055785552688143,3,2020,
1898668109204611324,10,2018,
1892100368167580693,10,2018,autumn
1890694188643780637,10,2018,
1890129886270609578,10,2018,autumn
1890087885894381779,10,2018,
1889872197922010166,10,2018,autumn
1889838373017024949,10,2018,
1889768113744139097,10,2018,
1889078801666173490,10,2018,autumn
1888309323453566195,10,2018,autumn
1882726584436372305,10,2018,
1882592808393879554,10,2018,
1882240108464446804,10,2018,
1880764301086575974,10,2018,autumn
1877136464257605271,9,2018,
1876137501003832628,9,2018,autumn
1874904372405890086,9,2018,
1873375808786064675,9,2018,
1871065291971356938,9,2018,
1870181931686080625,9,2018,
1869615588852918769,9,2018,
1868861223045422596,9,2018,
1868849433049669389,9,2018,
1867376438924273201,9,2018,
1866763769540082289,9,2018,
1865426252284637818,9,2018,
1863954745668960909,9,2018,
1863892572486085075,9,2018,
1863204618416424955,9,2018,
1858861587901779060,9,2018,
1858045065807296198,8,2018,
1856694687268765366,8,2018,
1856014425048282736,8,2018,
1855890493934874665,8,2018,summer
1855851693535861217,8,2018,summer
1853565890258030567,8,2018,
1852925078897247666,8,2018,
1851351428675558242,8,2018,
1849591337914168117,8,2018,
1847308458476924079,8,2018,
1847210533934995582,8,2018,summer
1847186870770069272,8,2018,
1846688471331239398,8,2018,
1845962372255891321,8,2018,summer
1844278128261516025,8,2018,
1844176319533838732,8,2018,
1841601120235929557,8,2018,
1841406380435641210,8,2018,
1841391682227110329,8,2018,summer
1840750863805511957,8,2018,
1837995237777933776,8,2018,
1837984847295890666,8,2018,
1837578035960785769,8,2018,
1837051622975488851,8,2018,
1836334634055400119,8,2018,
1836326607221338083,8,2018,
1834366629832963175,7,2018,
1834297400178857229,7,2018,
1833413046681428462,7,2018,
1832204764000083841,7,2018,
1831457528408674795,7,2018,
1831398907457019905,7,2018,
1831195466407107631,7,2018,
1830811468816431799,7,2018,
1830777325109823288,7,2018,
1830761840570251128,7,2018,
1830030181817950632,7,2018,
1830011987690667842,7,2018,
1827753589330749685,7,2018,
1826139648305577356,7,2018,
1825495642076704438,7,2018,
1802254152336869401,6,2018,
1757273950784022752,4,2018,spring
1757256979950159117,4,2018,
1757197867493323210,4,2018,
1756853328094425785,4,2018,spring
1756846041019293406,4,2018,
1756759219245195502,4,2018,
1756746666330963085,4,2018,spring
1756746603810671617,4,2018,
1756745864052887698,4,2018,spring
1756704704534074894,4,2018,spring
1756689673423586181,4,2018,spring
1756677366991655139,4,2018,spring
1756670850772538674,4,2018,spring
1756669038430772106,4,2018,spring
1756615393214145868,4,2018,spring
1756590134991389259,4,2018,
1756507573294516808,4,2018,
1756036315046211457,4,2018,
1756033596029809183,4,2018,
1755965305001091535,4,2018,
1755880241867157340,4,2018,spring
1755863947732404156,4,2018,spring
1755812522017830874,4,2018,
1755368658807616211,4,2018,spring
1755362615644754891,4,2018,
1755361205955994147,4,2018,
1755295444193249298,4,2018,
1755129009454398201,4,2018,
1754377992194341430,4,2018,
1754352785492620511,4,2018,
1753680422698577020,4,2018,spring
1749269601939621460,4,2018,
1748762806353467140,4,2018,
1748646180131496622,4,2018,
1746496050891525108,3,2018,
1745644516902638189,3,2018,
1742766505269099044,3,2018,
1737852107053393112,3,2018,spring
1732616452881618161,3,2018,
1731348929399151030,3,2018,
1724623179508563401,2,2018,
1722482583108891130,2,2018,
1719625287035156721,2,2018,
1714546904115172003,2,2018,
1713777032913464677,2,2018,
1708044052485494472,2,2018,autumn
1699950655421894148,1,2018,
1694851219670776747,1,2018,
1693826311004235126,1,2018,
2131147663589096001,9,2019,
2130552989856480917,9,2019,
2127705205230958934,9,2019,
2125418006885180908,9,2019,
2124990881154140337,9,2019,
2124232426696917508,9,2019,
2124219607444266598,9,2019,
2123938852931507695,9,2019,
2123913175074385775,9,2019,
2123212620575798404,9,2019,
2122040868807519474,8,2019,
2120662327096317388,8,2019,summer
2120469633229326327,8,2019,
2120298084995752892,8,2019,
2117780681802875313,8,2019,
2117726981072919779,8,2019,
2116859384232256145,8,2019,
2116161785995821296,8,2019,
2115340010560440411,8,2019,summer
2113088631240932179,8,2019,
2111663157006123318,8,2019,
2110260939656913401,8,2019,
2110116324551208093,8,2019,
2108759022661082372,8,2019,
2107241769727961866,8,2019,
2103825499255185869,8,2019,
2103225015299650284,8,2019,
2102389259551303767,8,2019,
2101086360902907197,8,2019,summer
2098748935163087338,7,2019,
2098556252728305645,7,2019,
2096783679872328131,7,2019,
2096383397351060844,7,2019,
2095975421920924471,7,2019,
2095952265597930953,7,2019,
2095854589568909203,7,2019,
2094988297693757679,7,2019,
2094985383826727687,7,2019,
2094946928904191313,7,2019,
2094311052056548535,7,2019,
2091324397272891691,7,2019,
2090878681523249197,7,2019,summer
2090190309028939960,7,2019,
2088585448611016829,7,2019,
2083557802200256763,7,2019,
2082083269161168810,7,2019,
2078651723116949810,7,2019,
2076276861266159104,6,2019,
2069540986274835741,6,2019,
2068469018238973093,6,2019,
2066129544999522515,6,2019,
2065543012746516388,6,2019,spring
2065293052261537005,6,2019,summer
2064885908479481905,6,2019,
2064771547819522189,6,2019,
2064569069505604925,6,2019,
2064178994971820489,6,2019,
2063924441538046752,6,2019,
2063301487652019294,6,2019,summer
2063161382330712208,6,2019,
2063157937775389350,6,2019,spring
2062526769791076112,6,2019,
2062317321481457903,6,2019,
2062232322469456407,6,2019,
2060906758685136746,6,2019,
2060903137624987556,6,2019,
2059427168850313320,6,2019,
2058880085261441234,6,2019,
1773372068165219995,5,2018,spring
1773275106408203192,5,2018,
1773274243270755982,5,2018,
1773268677806888837,5,2018,
1773261309924660654,5,2018,
1773103567286458529,5,2018,
1772406486048426067,5,2018,summer
1771612768198322462,5,2018,
1770639062622232201,5,2018,
1770278498984993515,5,2018,spring
1769739659652502040,5,2018,
1769700927335366300,5,2018,
1769629770910598688,5,2018,
1769108241873562104,4,2018,
1768370015033196882,4,2018,
1767689449019412684,4,2018,spring
1766779820412305813,4,2018,
1766521158299025334,4,2018,spring
1766157140860512517,4,2018,
1766155657762941140,4,2018,summer
1765897985075519732,4,2018,
1765362827284982563,4,2018,
1765330764246872298,4,2018,
1765255283409495730,4,2018,spring
1765062945631184904,4,2018,spring
1764646092026406394,4,2018,
1764605924166689425,4,2018,
1764581827631075396,4,2018,
1764432867863059371,4,2018,
1764375485615347257,4,2018,spring
1764372312399694035,4,2018,
1764027906645820383,4,2018,
1764024577761195205,4,2018,spring
1763996581192905480,4,2018,spring
1763994747829017991,4,2018,
1763868870249427215,4,2018,
1763850960754565154,4,2018,
1763831982946591935,4,2018,
1763777526856729042,4,2018,spring
1763699555188287542,4,2018,
1763697530236838619,4,2018,
1763338898060291450,4,2018,summer
1763228981216507345,4,2018,
1763074830025216057,4,2018,spring
1763014470256297198,4,2018,
1762615515483784071,4,2018,
1762551961754081759,4,2018,spring
1762440280180575535,4,2018,
1762420426695014040,4,2018,spring
1762256377123470945,4,2018,
1762211602894365511,4,2018,
1761874733937643959,4,2018,spring
1761831376880386862,4,2018,spring
1761818776493596051,4,2018,
1761787886057136577,4,2018,
1761786350329290031,4,2018,
1761706788677384416,4,2018,spring
1761684128917651285,4,2018,spring
1761161774725702520,4,2018,
1761109804597990638,4,2018,spring
1761094512316406749,4,2018,
1761075659280654693,4,2018,spring
1761069404877142829,4,2018,spring
1761053588853237347,4,2018,spring
1761050202053033989,4,2018,
1761047154891307182,4,2018,
1761047022720296369,4,2018,
1761043624218381279,4,2018,
1761029395664331752,4,2018,
1761018741100371175,4,2018,spring
1761000533861423192,4,2018,spring
1760903086137090969,4,2018,spring
1760979848416948542,4,2018,spring
1760910256811363962,4,2018,
1760903336285838122,4,2018,
1760839161278322025,4,2018,
1760803493754523234,4,2018,spring
1760801427809492866,4,2018,
1760748813049535445,4,2018,spring
1760472137371515544,4,2018,
1760459371907569490,4,2018,spring
1760416962745253842,4,2018,
1760406416570694493,4,2018,
1760404986614820096,4,2018,
1760391069864007937,4,2018,spring
1760380524804951905,4,2018,
1760365004428878442,4,2018,
1760312194358936212,4,2018,spring
1760268987532622561,4,2018,summer
1760200123620656246,4,2018,spring
1760063466946805138,4,2018,
1759776650792517611,4,2018,
1759754473334597470,4,2018,
1759715967878863859,4,2018,
1759696866632750127,4,2018,
1759679788349489536,4,2018,spring
1759603897233711354,4,2018,
1759548995639852236,4,2018,spring
1759510132663088022,4,2018,
1759472659072080989,4,2018,spring
1759455116412417074,4,2018,spring
1759431175845282514,4,2018,
1759278016598487492,4,2018,spring
1758951103753564083,4,2018,spring
1758951045326804739,4,2018,
1758930168203726586,4,2018,spring
1758868021033746407,4,2018,
1758867778619604838,4,2018,
1758839086897909358,4,2018,spring
1758803432912825507,4,2018,
1758637780740493070,4,2018,
1758557309292039766,4,2018,spring
1758281148288584206,4,2018,
1758257035025182151,4,2018,
1758256819882597839,4,2018,
1758249571891637154,4,2018,
1758247778289758111,4,2018,spring
1758214351220838964,4,2018,
1758208292984990342,4,2018,
1758194541539882737,4,2018,spring
1758161874095213715,4,2018,
1758159071065683083,4,2018,
1758140699294063541,4,2018,spring
1758117059734062419,4,2018,spring
1758074103719361821,4,2018,
1758065973858129628,4,2018,spring
1758035584850573557,4,2018,
1758004200477100801,4,2018,spring
1758002884498107410,4,2018,
1757541418816983406,4,2018,spring
1757533897748571053,4,2018,spring
1757518157012121593,4,2018,spring
1757507784767134686,4,2018,spring
1757504331513665605,4,2018,spring
1757469197522245306,4,2018,
1757458161671052075,4,2018,spring
1757452703203634381,4,2018,spring
1757435143465529429,4,2018,spring
1757433119915763901,4,2018,
1757428093024416541,4,2018,
1757416281226754943,4,2018,
1757326583854657992,4,2018,spring
2275734851961098951,3,2020,
2274154358673152436,3,2020,spring
2267771143389446515,3,2020,
2267025958603050391,3,2020,
2262056331282241040,3,2020,spring
2260413556549157077,3,2020,
2259694896239570412,3,2020,
2249513322531711197,2,2020,
2247164775360341847,2,2020,
2246638927490071145,2,2020,
2239962378615460678,2,2020,
2202294501515380705,12,2019,
2200337108900397827,12,2019,
2199578838682183920,12,2019,autumn
2199440276410091583,12,2019,
2197413190635963132,12,2019,autumn
2194559931529510364,12,2019,autumn
2193144425299691236,12,2019,autumn
2192325586764748011,12,2019,autumn
2186382027662462213,11,2019,autumn
2184409898905752957,11,2019,autumn
2183654422184425869,11,2019,
2182913554688774781,11,2019,autumn
2182893857088188896,11,2019,autumn
2181488448351729380,11,2019,autumn
2180753572685951109,11,2019,autumn
2179413380410814660,11,2019,autumn
2178527940119964909,11,2019,autumn
2178461672708961837,11,2019,autumn
2177909868001083210,11,2019,
2177140194939269023,11,2019,autumn
2176410012289445899,11,2019,autumn
2174962059308097986,11,2019,
2174220965773249645,11,2019,
2169129580735053689,11,2019,autumn
2168104385725648767,11,2019,
2166186807398375649,10,2019,
2164838128735804264,10,2019,autumn
2163775126680550409,10,2019,autumn
2163349534076212279,10,2019,autumn
2163221587678303725,10,2019,autumn
2162522445798208318,10,2019,autumn
2161771454533015400,10,2019,
2161063607710756467,10,2019,autumn
2161005569850699778,10,2019,autumn
2160950773098143435,10,2019,
2160926930761487250,10,2019,
2160508174998983475,10,2019,autumn
2159479866898893483,10,2019,
2157531635734439832,10,2019,
2156748971813328075,10,2019,autumn
2155009060613565860,10,2019,
2151502540234855642,10,2019,autumn
2150173532089061469,10,2019,
2149286241957550710,10,2019,
2147340827880459464,10,2019,
2145733557476796333,10,2019,
2143778404823133041,9,2019,autumn
2137455021167772849,9,2019,
2134764022755633316,9,2019,
2134397203606081509,9,2019,
2134308728128560626,9,2019,summer
2134256102808873054,9,2019,
2134254562392106409,9,2019,
2134252968690698444,9,2019,
2134112351050445038,9,2019,
2133583215473539242,9,2019,autumn
1824686404295446434,7,2018,
1818447588563683522,7,2018,
1815929324415585173,7,2018,
1815384351913055926,7,2018,
1813671812001722810,7,2018,
1812422422389960613,6,2018,
1811198294945231300,6,2018,summer
1811018725466418861,6,2018,spring
1810079061079291536,6,2018,
1809587117379171715,6,2018,
1808860261558269491,6,2018,
1806740424186995768,6,2018,
1806033934103063062,6,2018,
1805945634868441341,6,2018,summer
1805334190204520224,6,2018,
1805316263371856258,6,2018,
1805078173562670585,6,2018,summer
1804590541371974994,6,2018,
1803881393072227650,6,2018,
1802852507878413137,6,2018,
1802804901613410459,6,2018,
1802754728518738849,6,2018,
1801823200309601593,6,2018,summer
1800121372064690758,6,2018,
1799619684719792578,6,2018,
1799452733713924110,6,2018,
1799204099843414774,6,2018,
1798619130314618414,6,2018,
1798609627732917012,6,2018,
1798538578771443820,6,2018,
1798532254106179341,6,2018,
1797368075713013134,6,2018,
1797367528616396532,6,2018,
1797366796928484538,6,2018,
1796685240363385030,6,2018,
1796644135193792060,6,2018,
1795861272690917600,6,2018,
1795248893022283273,6,2018,
1793674384898970551,6,2018,summer
1793474544431177510,6,2018,
1792718977525487505,6,2018,summer
1790646300857900619,5,2018,summer
1789969113039016451,5,2018,
1789434379946494344,5,2018,
1789368545109486631,5,2018,
1789233783279536182,5,2018,
1788977709628933251,5,2018,winter
1788969492635149433,5,2018,winter
1788709280975826287,5,2018,summer
1788692317441877162,5,2018,
1788612079071098262,5,2018,
1788489125515633792,5,2018,
1787730315196773534,5,2018,
1786435286935355557,5,2018,
1785577422993966789,5,2018,
1784318246527303336,5,2018,spring
1784029669270475559,5,2018,
1784008983658248630,5,2018,summer
1782824871802277771,5,2018,
1781747978185366393,5,2018,spring
1781736963961019968,5,2018,spring
1781381492477567628,5,2018,spring
1781042077585740158,5,2018,
1780528864478696122,5,2018,
1779360641652402828,5,2018,
1778254863098358531,5,2018,
1777746777049199898,5,2018,
1775649062188710180,5,2018,
1773971089215648820,5,2018,
1773462552664212708,5,2018,
1773391577734135163,5,2018,spring
2435264109794337721,11,2020,
2434321771950518388,11,2020,autumn
2433360859319027727,11,2020,
2432246430214113803,10,2020,
2430064463615730630,10,2020,
2428642393107208130,10,2020,
2424419297064659907,10,2020,
2424328867324643790,10,2020,autumn
2424310397279150928,10,2020,autumn
2423393366161930405,10,2020,
2423392688983237342,10,2020,
2422835528477424182,10,2020,
2420571511302527488,10,2020,autumn
2418541465541012390,10,2020,autumn
2417791071965544398,10,2020,
2417445848534089302,10,2020,
2417389454380244513,10,2020,
2406887426905887424,9,2020,
2405896780712302648,9,2020,
2403791917450450860,9,2020,
2402526553840778103,9,2020,
2402288358955770021,9,2020,
2400848847767947506,9,2020,
2400101119714821821,9,2020,
2399724815542135049,9,2020,
2390194710479109035,9,2020,
2386322757733182620,8,2020,
2380592556877408379,8,2020,
2378556668710255301,8,2020,
2374932194152891650,8,2020,
2371511154916029877,8,2020,
2371259397983634632,8,2020,
2370540363097005439,8,2020,
2368131870167412993,8,2020,
2366839188308281477,8,2020,
2366011344158469615,8,2020,
2364715643942828159,7,2020,
2363854455572288199,7,2020,
2362753498822233948,7,2020,summer
2359637034657557029,7,2020,
2359499041335120309,7,2020,
2357678465700201202,7,2020,
2357648708236913686,7,2020,
2353064876245907567,7,2020,
2013252632546033241,4,2019,
2013241498883451721,4,2019,spring
2013237269749654030,4,2019,spring
2013213829529399016,4,2019,spring
2013182470824050844,4,2019,
2012721071907905098,4,2019,spring
2012685488229598237,4,2019,spring
2012666356985506451,4,2019,spring
2012609179226889690,4,2019,
2012604548824244428,4,2019,
2012588596250358521,4,2019,spring
2012537596340682627,4,2019,
2012336414746007489,4,2019,
2012328216735338719,4,2019,spring
2011997279715814526,3,2019,
2011994612910187964,3,2019,
2011933853089903888,3,2019,
2011905271231709692,3,2019,
2011805179753642726,3,2019,
2011803828357199196,3,2019,spring
2011787481854497653,3,2019,spring
2011270346703003956,3,2019,spring
2011223398281256871,3,2019,
2011206340594427329,3,2019,spring
2010140102570853890,3,2019,
2009644781197757499,3,2019,spring
2008106313997000514,3,2019,
2006728066096731654,3,2019,
2005922189011224434,3,2019,
2005840244415718157,3,2019,
2004456705894777839,3,2019,spring
2002849795210930047,3,2019,
1993008782984198034,3,2019,
1989796252103198765,3,2019,
1989298662148379207,2,2019,
1988818168815887971,2,2019,
1984911031201318451,2,2019,
1982970691285576172,2,2019,
1980658547374932741,2,2019,
1980654659498237334,2,2019,
1980651924275197452,2,2019,
1980650443224406851,2,2019,
1980492784955640878,2,2019,
1976269581446314609,2,2019,
1976237766435794852,2,2019,
1975413876472350180,2,2019,
1970312538822702788,2,2019,summer
1965432288607013109,1,2019,
1965412769968894046,1,2019,winter
1956041291317955416,1,2019,winter
1953216581841935211,1,2019,
1951644944439771362,1,2019,winter
1950784059466697170,1,2019,winter
1950783260770449838,1,2019,winter
1949581406296519261,1,2019,winter
1947523479108839983,1,2019,autumn
1938544072513083733,12,2018,
1935134186442052365,12,2018,
1926991333601176354,12,2018,
1913801292883540238,11,2018,
1911722115606806580,11,2018,autumn
1908598065540006743,11,2018,autumn
1908159442977910319,11,2018,
1907456594850872896,11,2018,autumn
1907415969786214112,11,2018,
1906696283693017716,11,2018,
1906663745491095080,11,2018,autumn
1902440637870100393,10,2018,
1899574268769928972,10,2018,
2016890170900636166,4,2019,
2016877657942591182,4,2019,spring
2016876414984492369,4,2019,spring
2016844369160858943,4,2019,spring
2016802777174588324,4,2019,
2016786581448407953,4,2019,
2016708081928646658,4,2019,spring
2016674440187959292,4,2019,spring
2016655683621188943,4,2019,
2016399850698905298,4,2019,
2016350015429150599,4,2019,
2016342948714863318,4,2019,
2016325257778058182,4,2019,
2016289396496939972,4,2019,
2016261445720757944,4,2019,spring
2016226994814988305,4,2019,spring
2016211446823725832,4,2019,spring
2016196462353871049,4,2019,spring
2016172225660561424,4,2019,
2016154144527623569,4,2019,
2016119157313146899,4,2019,
2016089190067933385,4,2019,
2016042442821864695,4,2019,
2016016733946463921,4,2019,
2016016361767270443,4,2019,
2016015818806019766,4,2019,spring
2015969971642121749,4,2019,
2015965205443407837,4,2019,spring
2015938302809768141,4,2019,spring
2015547644521552049,4,2019,spring
2015543333598143494,4,2019,
2015540410228021824,4,2019,spring
2015517066030815496,4,2019,spring
2015505068182222360,4,2019,
2015439666644634810,4,2019,spring
2015410459833988213,4,2019,
2015397800812062607,4,2019,spring
2015385935730043815,4,2019,
2015340043392192902,4,2019,spring
2015328057866519672,4,2019,
2015238203527958091,4,2019,spring
2015211280499145751,4,2019,
2014889128793168800,4,2019,spring
2014888046385738900,4,2019,spring
2014882630390250006,4,2019,
2014863101241019235,4,2019,
2014818508474556010,4,2019,spring
2014810214456529059,4,2019,spring
2014757327303033222,4,2019,spring
2014754352326296857,4,2019,spring
2014709659533130650,4,2019,
2014670636961595564,4,2019,
2014655363764427432,4,2019,spring
2014635932837222883,4,2019,spring
2014529117067867849,4,2019,spring
2014426496357168554,4,2019,
2014256557555853626,4,2019,
2014110980702776986,4,2019,
2014101826147936481,4,2019,
2014085324808064312,4,2019,spring
2013936593974554784,4,2019,spring
2013891754532600514,4,2019,spring
2013813545635966039,4,2019,
2013423893552844852,4,2019,spring
2013401989698002673,4,2019,
2013401615449909768,4,2019,spring
2013387682433896676,4,2019,spring
2013377252062003696,4,2019,
2013347208104838197,4,2019,
2013346558657056143,4,2019,
2013332905962675996,4,2019,
2013261483491845621,4,2019,
2027611937264855080,4,2019,spring
2027185342901125212,4,2019,
2027147265902186593,4,2019,spring
2027133806743553532,4,2019,
2027052892753565724,4,2019,
2026123751959120381,4,2019,
2026108380715900997,4,2019,
2025687314285490682,4,2019,
2025626833094282774,4,2019,
2025565042800669891,4,2019,
2024970398076184744,4,2019,
2024871151700201491,4,2019,
2024843254184395061,4,2019,spring
2024604194635336209,4,2019,
2023857313420450021,4,2019,
2023484476042080264,4,2019,
2023388099802868706,4,2019,spring
2022516044987420419,4,2019,
2022095401502634209,4,2019,spring
2022064463704119671,4,2019,
2021978175084535465,4,2019,
2021341564470772573,4,2019,
2021036137536428609,4,2019,spring
2020590907996249456,4,2019,spring
2020181963541655591,4,2019,
2019924069427947857,4,2019,spring
2019905676540765779,4,2019,
2019874281579719265,4,2019,spring
2019858861439246476,4,2019,spring
2019775338107895383,4,2019,
2019236637380554032,4,2019,
2019135031406102554,4,2019,
2018950459297005514,4,2019,
2018933544633732783,4,2019,spring
2018925738406018367,4,2019,
2018906286212597303,4,2019,
2018875389871753054,4,2019,
2018744828543650291,4,2019,
2018442391360206501,4,2019,
2018366868277929591,4,2019,spring
2018360024020330741,4,2019,
2018326710734344119,4,2019,spring
2018315127794729962,4,2019,
2018101954147805308,4,2019,
2018066010153824438,4,2019,spring
2017789157073613999,4,2019,spring
2017788953029103137,4,2019,spring
2017788814122195766,4,2019,spring
2017783551168238944,4,2019,spring
2017705110362008739,4,2019,spring
2017626683537851053,4,2019,spring
2017606671624291421,4,2019,
2017591481842634859,4,2019,
2017477497016477285,4,2019,
2017372954082211640,4,2019,
2017369652249959658,4,2019,
2017363358822588851,4,2019,
2017338709721457324,4,2019,
2017310395315948880,4,2019,
2017039806084897292,4,2019,
2016950445012151902,4,2019,
2016931696407351714,4,2019,
2016913794999089578,4,2019,spring
2016894332715686050,4,2019,
2016887086351925333,4,2019,
