id,height,width
1758208292984990342.jpg,1080,1080
1760416962745253842.jpg,1080,1350
2134252968690698444.jpg,1080,809
1756746666330963085.jpg,1080,1350
1949581406296519261.jpg,1080,1079
1830011987690667842.jpg,1080,1080
2016894332715686050.jpg,1080,1080
2361894841008191109.jpg,937,1171
2035598161522781402.jpg,1080,1080
2315516084412535199.jpg,1080,1350
1805334190204520224.jpg,1080,720
1760404986614820096.jpg,1080,810
2418541465541012390.jpg,720,480
1788692317441877162.jpg,1080,810
2333456500348819743.jpg,1080,1080
1870181931686080625.jpg,1080,720
1827753589330749685.jpg,1080,1350
1742766505269099044.jpg,937,1171
2177140194939269023.jpg,1080,1080
1760268987532622561.jpg,1080,1350
1863892572486085075.jpg,1080,565
1798609627732917012.jpg,1080,1080
2307644498468756884.jpg,1080,1350
2014655363764427432.jpg,1080,1350
1938544072513083733.jpg,1080,810
2016877657942591182.jpg,780,975
1755368658807616211.jpg,1080,1080
2284357262803773417.jpg,1080,1350
1758867778619604838.jpg,1080,809
1757433119915763901.jpg,1080,1350
1756759219245195502.jpg,1080,1080
2345098963073266034.jpg,1080,810
2307455464440750171.jpg,720,720
2338822138634338837.jpg,1080,1080
2017783551168238944.jpg,1080,718
2404664436131192392.jpg,1080,1080
1784318246527303336.jpg,1080,1080
1722482583108891130.jpg,1080,1080
1841601120235929557.jpg,1080,1080
2134112351050445038.jpg,1080,1080
1760803493754523234.jpg,900,675
1880764301086575974.jpg,812,811
2262056331282241040.jpg,1080,1350
2441725493265589870.jpg,1080,1350
1808860261558269491.jpg,1080,1080
2340906116786843900.jpg,1080,1350
2454119547339590458.jpg,1080,1350
2436637524422895384.jpg,1080,720
2449394902625129370.jpg,1080,1080
1760200123620656246.jpg,1080,1349
2017310395315948880.jpg,960,1200
2383348822376815286.jpg,1080,1080
2391401914779933857.jpg,1080,1349
1763338898060291450.jpg,768,768
2049643160360869408.jpg,1080,1080
2454121662887759324.jpg,1080,810
2312496071237874185.jpg,1080,1080
2440824222127111186.jpg,720,720
2120662327096317388.jpg,1080,1080
2022516044987420419.jpg,1080,1349
2016399850698905298.jpg,1080,1350
2083557802200256763.jpg,1080,1350
2011787481854497653.jpg,1080,1080
2020590907996249456.jpg,1080,721
2029251893351884293.jpg,1080,810
2328704173847015405.jpg,1080,1350
2016931696407351714.jpg,1080,1080
2452333130520947840.jpg,952,1138
2046623897461888900.jpg,1080,1272
2014085324808064312.jpg,1080,1350
1773971089215648820.jpg,1080,1080
2350781964663207604.jpg,1080,1080
1759278016598487492.jpg,860,986
1763014470256297198.jpg,1080,1350
2351819647266816982.jpg,1080,1350
2427748436265473583.jpg,1080,1080
2316230869570091692.jpg,1080,1080
2400848847767947506.jpg,1080,1080
2367598750238427335.jpg,1080,1077
2379253574734196093.jpg,1080,810
2042760065156635851.jpg,1080,1350
2310426774960296741.jpg,1080,1350
1771612768198322462.jpg,1080,1350
2366065030293488150.jpg,775,768
2058880085261441234.jpg,1080,1080
2423945294298131568.jpg,1080,1080
2303977433950163464.jpg,1080,692
2032051593352042207.jpg,1080,1349
2169129580735053689.jpg,1080,810
1840750863805511957.jpg,1080,1349
2384235613803818974.jpg,1080,1080
1836334634055400119.jpg,1080,1310
2393139076269485535.jpg,1080,809
1812422422389960613.jpg,1080,721
2012721071907905098.jpg,918,918
2017789157073613999.jpg,1080,722
1761069404877142829.jpg,1080,1080
1757416281226754943.jpg,918,918
1760903336285838122.jpg,1080,1350
1877136464257605271.jpg,1080,1350
2249513322531711197.jpg,1080,1350
2065293052261537005.jpg,1080,1080
2014889128793168800.jpg,1080,718
1758637780740493070.jpg,1080,1350
1765255283409495730.jpg,1080,1080
2042149638726894510.jpg,1080,1350
1758159071065683083.jpg,1058,1058
2116161785995821296.jpg,1080,1080
2178527940119964909.jpg,1080,1350
2414196366395083348.jpg,1080,810
2371259397983634632.jpg,1080,1350
1802852507878413137.jpg,1080,1224
2005840244415718157.jpg,1080,1080
2050306268138074704.jpg,1080,801
1882726584436372305.jpg,1066,1332
2386322757733182620.jpg,1080,1080
1802254152336869401.jpg,1080,810
2405311674733898709.jpg,1080,1080
2260332845910025407.jpg,1080,1350
2359499041335120309.jpg,1080,1080
2030796382096351803.jpg,1080,720
1836326607221338083.jpg,540,540
2017369652249959658.jpg,1080,1350
2068469018238973093.jpg,1080,1350
1761075659280654693.jpg,1080,1080
2364538928497055454.jpg,1080,1350
1761831376880386862.jpg,1080,1080
2393811781670615883.jpg,1080,1350
1758065973858129628.jpg,1080,1350
2403791917450450860.jpg,1080,1080
1951644944439771362.jpg,1080,1080
2311763293360332009.jpg,720,900
1757504331513665605.jpg,1080,565
2397963513250179639.jpg,1080,1080
1760365004428878442.jpg,1080,1080
2362006232065427483.jpg,1080,608
2016016361767270443.jpg,800,800
1869615588852918769.jpg,630,630
2166186807398375649.jpg,1080,720
2124232426696917508.jpg,1080,1350
2032310267672779408.jpg,1080,1080
2391573633469175328.jpg,1080,1350
2058112536361940158.jpg,1080,1005
2362589796806476139.jpg,1060,1060
2384941904583091376.jpg,1080,809
2015340043392192902.jpg,1080,1080
2437248233196255332.jpg,1080,811
1759455116412417074.jpg,1080,1349
1795861272690917600.jpg,1080,607
1906696283693017716.jpg,1080,720
1760910256811363962.jpg,1080,1080
1754377992194341430.jpg,1080,1080
1757507784767134686.jpg,1080,1350
1834366629832963175.jpg,720,720
2372665859817449967.jpg,1080,1350
2193144425299691236.jpg,1080,1350
1781042077585740158.jpg,552,552
2016154144527623569.jpg,1080,1350
2448003399205842667.jpg,1080,1080
2436675082257532159.jpg,1080,1350
1757428093024416541.jpg,1080,1350
1760459371907569490.jpg,1080,771
1694851219670776747.jpg,1080,648
2130552989856480917.jpg,1080,810
2010140102570853890.jpg,1080,1350
2015505068182222360.jpg,1080,1349
2037102975347876059.jpg,1080,1350
1805078173562670585.jpg,1080,1080
2035026681279685123.jpg,1080,1350
2065543012746516388.jpg,1080,1080
1761047154891307182.jpg,1040,1040
2014709659533130650.jpg,1080,1350
2372732040792890163.jpg,1080,1350
1847308458476924079.jpg,1080,1080
2337251270544109929.jpg,1080,1080
2366839188308281477.jpg,1080,1080
2439469232105133158.jpg,1080,675
2027757453021742311.jpg,1080,1080
2408240496903100136.jpg,1080,1080
2049650930441922167.jpg,1080,1350
2315979548813880061.jpg,1080,1080
2438138187588417490.jpg,1080,1350
2366772704763385928.jpg,720,720
2377217156432314478.jpg,1080,1080
2318237262478713736.jpg,1080,718
1980492784955640878.jpg,1080,1350
1871065291971356938.jpg,640,640
2404126158096731538.jpg,1080,1080
2094988297693757679.jpg,1080,720
1760979848416948542.jpg,1080,1349
2168104385725648767.jpg,995,664
2306589922314089457.jpg,1080,1350
2468248884345813629.jpg,1080,810
2400364975106680548.jpg,1080,1346
2182893857088188896.jpg,1080,720
2435915155230759978.jpg,900,900
2134256102808873054.jpg,1080,809
2449813481321369124.jpg,749,749
1868861223045422596.jpg,1080,810
2004456705894777839.jpg,1080,1350
2064771547819522189.jpg,495,495
2143778404823133041.jpg,1080,1095
2017338709721457324.jpg,1080,1338
2335190920852202099.jpg,1080,1350
2407369212932128328.jpg,1080,1350
1798619130314618414.jpg,1080,1080
2110116324551208093.jpg,1080,1080
2016802777174588324.jpg,1080,1350
2447243072812360304.jpg,1067,1333
2353064876245907567.jpg,1080,1080
2417791071965544398.jpg,1080,1080
1975413876472350180.jpg,1080,1080
2425723170013963520.jpg,1080,1080
2274154358673152436.jpg,1080,1080
2371391866695270076.jpg,1080,1350
1837578035960785769.jpg,1080,1080
1758868021033746407.jpg,1080,1080
2430668265720951281.jpg,1080,1080
2347193297489245622.jpg,1080,1080
1802804901613410459.jpg,1080,809
2385012926940763075.jpg,1080,1080
1778254863098358531.jpg,1080,786
2013401989698002673.jpg,1080,1350
1810079061079291536.jpg,1080,809
1764646092026406394.jpg,915,915
1731348929399151030.jpg,1080,718
1757469197522245306.jpg,1080,1350
2316299355031594666.jpg,1080,1350
1732616452881618161.jpg,1080,1080
1764027906645820383.jpg,1080,1350
2076276861266159104.jpg,1080,1350
2474231526895617392.jpg,1080,1080
2349670892407541414.jpg,1080,1080
2357648708236913686.jpg,1080,1080
1889078801666173490.jpg,1080,1080
1874904372405890086.jpg,1080,1080
2466068795293987583.jpg,1080,1080
2311137984476151760.jpg,720,720
2102389259551303767.jpg,1080,1350
1773462552664212708.jpg,1080,1080
1763699555188287542.jpg,1080,810
1764372312399694035.jpg,1080,720
1756689673423586181.jpg,1080,1350
2359464278632435032.jpg,1080,744
2390194710479109035.jpg,540,540
2095952265597930953.jpg,1080,811
2012609179226889690.jpg,1080,913
2449396014937625399.jpg,1080,1080
1882240108464446804.jpg,1080,1080
2018326710734344119.jpg,1080,1289
2090878681523249197.jpg,1080,1080
2372684632901314461.jpg,1080,1080
2012666356985506451.jpg,1080,1350
1781736963961019968.jpg,640,800
2011223398281256871.jpg,1080,1080
1761109804597990638.jpg,1080,1350
1762420426695014040.jpg,1080,1080
1757256979950159117.jpg,1080,1080
1764605924166689425.jpg,1080,718
2377054914009292915.jpg,1080,810
1760406416570694493.jpg,1080,1080
1757518157012121593.jpg,1080,1350
2056794571524011772.jpg,1080,730
1760063466946805138.jpg,1080,1350
1844176319533838732.jpg,1080,810
2025565042800669891.jpg,1080,1080
2362025717234918146.jpg,1080,1080
2356622264395638456.jpg,1080,1080
2329182776556773835.jpg,1080,1080
1766521158299025334.jpg,1080,810
2123913175074385775.jpg,800,800
2327108718679584771.jpg,960,1200
2382913513440867768.jpg,1080,1350
2095854589568909203.jpg,1080,1080
1755965305001091535.jpg,1080,1350
2197413190635963132.jpg,1080,1350
2348024449252430754.jpg,1080,607
1761161774725702520.jpg,1080,1080
2328705012346999768.jpg,1080,1350
2015410459833988213.jpg,1080,1350
2060903137624987556.jpg,1080,1080
1719625287035156721.jpg,1080,1350
1868849433049669389.jpg,1080,1349
1756745864052887698.jpg,1080,1350
2376885424970122704.jpg,1080,1350
1852925078897247666.jpg,576,576
1844278128261516025.jpg,1080,608
2474105668549488280.jpg,1080,1078
2430008824965290135.jpg,1080,1350
2258238167299609487.jpg,1080,1309
2016844369160858943.jpg,1080,1080
2015328057866519672.jpg,1080,1350
1976269581446314609.jpg,1080,1079
2377028814440847598.jpg,1080,1350
1805316263371856258.jpg,769,961
1788612079071098262.jpg,1080,1234
2436420215182926983.jpg,1079,720
1788709280975826287.jpg,1080,1350
1837984847295890666.jpg,1080,1080
2422804963660143461.jpg,829,828
1763994747829017991.jpg,720,405
2351854979679378957.jpg,1080,1080
2022064463704119671.jpg,1080,714
2017039806084897292.jpg,1080,810
1765897985075519732.jpg,1080,1080
2246638927490071145.jpg,1080,1080
1762211602894365511.jpg,1080,1080
2013891754532600514.jpg,1080,809
2035597406363547539.jpg,1080,1080
2417784129904154340.jpg,1080,1175
2163775126680550409.jpg,1080,1350
1761706788677384416.jpg,1080,1350
1993008782984198034.jpg,1080,1078
2343085823519116379.jpg,720,720
2015540410228021824.jpg,1080,1350
1889838373017024949.jpg,764,764
1755863947732404156.jpg,1080,1350
2387175403482297913.jpg,1080,1350
2417770879359421894.jpg,1080,1350
2383791538042691648.jpg,1080,633
2038013045699472429.jpg,1080,1079
1765362827284982563.jpg,1080,718
1965432288607013109.jpg,1080,1080
2014863101241019235.jpg,1080,1350
2035598028865360506.jpg,1080,1080
2260890240984114956.jpg,1080,1080
1761047022720296369.jpg,1080,1350
2330780171898095405.jpg,1080,1349
2330672308785527512.jpg,1080,1350
2176410012289445899.jpg,1080,1350
2174962059308097986.jpg,1080,1350
2005922189011224434.jpg,1080,1080
2362031682013191063.jpg,1080,1349
1758249571891637154.jpg,1080,720
2307493091996385124.jpg,1080,571
2147340827880459464.jpg,720,900
2035597537141916879.jpg,1080,1080
1989298662148379207.jpg,1080,1299
2351581184902742330.jpg,1080,742
1757452703203634381.jpg,1080,1080
2124219607444266598.jpg,827,827
2125418006885180908.jpg,1080,1080
2124990881154140337.jpg,1080,1004
1797368075713013134.jpg,1080,837
1761029395664331752.jpg,640,800
2379938945859125503.jpg,1080,956
2016226994814988305.jpg,1080,1350
2053265226658354699.jpg,1080,1350
1713777032913464677.jpg,1080,1080
2378556668710255301.jpg,1080,1080
2161063607710756467.jpg,1080,810
2283665867627406124.jpg,1080,1350
1865426252284637818.jpg,1080,1080
1846688471331239398.jpg,737,747
2363423952484759553.jpg,1080,1350
1899574268769928972.jpg,1080,1349
2327855220928827855.jpg,480,480
2014426496357168554.jpg,1080,1350
1913801292883540238.jpg,1080,1076
2392520950489613286.jpg,1080,1080
1764024577761195205.jpg,1080,605
2278494603076929203.jpg,1080,1350
1798532254106179341.jpg,1080,1080
2406029100659334958.jpg,1080,1080
1907415969786214112.jpg,1080,1080
2013213829529399016.jpg,1080,1350
1898668109204611324.jpg,1080,705
1766779820412305813.jpg,1022,1018
1950783260770449838.jpg,1080,1350
1956041291317955416.jpg,1080,809
1804590541371974994.jpg,769,961
1761786350329290031.jpg,1080,1080
2337427878163301443.jpg,1080,1080
2120298084995752892.jpg,800,800
2454123174187934610.jpg,1080,1350
1757197867493323210.jpg,640,640
2314604062351101717.jpg,1080,1080
2456173064761751272.jpg,1080,1351
1758194541539882737.jpg,1080,1080
2090190309028939960.jpg,1080,1350
2163221587678303725.jpg,1080,1350
2268455570847398750.jpg,1080,1080
2351874873356033650.jpg,1080,810
2011805179753642726.jpg,1080,719
2323462314226911575.jpg,1080,1080
2041674598424211701.jpg,1080,1080
2403875524441975944.jpg,1080,1350
2094311052056548535.jpg,1080,1080
1784029669270475559.jpg,1080,1080
2340664533919390624.jpg,1080,1080
1769629770910598688.jpg,992,992
1793674384898970551.jpg,1080,1080
1763850960754565154.jpg,720,405
1759776650792517611.jpg,1080,1080
2370742346340862327.jpg,1080,1080
2318237625747393305.jpg,1080,717
1762615515483784071.jpg,1080,809
1714546904115172003.jpg,1000,1000
2018950459297005514.jpg,1080,1080
2358297021487860562.jpg,750,938
2398598026200305128.jpg,1080,810
2117780681802875313.jpg,620,464
2425434610268996183.jpg,1080,1080
2149286241957550710.jpg,1080,1350
1757533897748571053.jpg,1080,1350
1805945634868441341.jpg,1080,1349
2315418411127293280.jpg,1080,1080
1724623179508563401.jpg,1080,1080
2016890170900636166.jpg,1080,1080
2037101353309833880.jpg,1080,1350
2365582911649810153.jpg,1080,843
2019924069427947857.jpg,1080,1076
2123938852931507695.jpg,1080,1080
2012537596340682627.jpg,1080,1080
2182913554688774781.jpg,1080,809
2466483901741627540.jpg,1080,810
2384387111091329035.jpg,1080,1078
2184409898905752957.jpg,1080,720
2358160703058416144.jpg,1080,1080
2053100399619297554.jpg,720,900
2376099894854013638.jpg,1080,1080
2448297231850471125.jpg,1080,810
2019775338107895383.jpg,1080,721
2015385935730043815.jpg,1080,1350
2400722368631644574.jpg,640,640
2014101826147936481.jpg,960,641
1769700927335366300.jpg,1080,1080
2368256884862845246.jpg,1080,1349
2358019403701710284.jpg,996,996
2013346558657056143.jpg,1080,1350
2354778760909481455.jpg,1000,1000
2062232322469456407.jpg,1080,1080
2313812923922555971.jpg,1080,1095
1758247778289758111.jpg,1080,1080
1980651924275197452.jpg,768,768
1813671812001722810.jpg,1080,1350
1989796252103198765.jpg,1080,1350
1970312538822702788.jpg,1080,608
2024871151700201491.jpg,1080,1216
2424419297064659907.jpg,1080,1080
1882592808393879554.jpg,1080,720
1830761840570251128.jpg,1080,1080
2023388099802868706.jpg,1080,1351
2364786355816182257.jpg,1080,1350
2346088465932063822.jpg,1080,720
2448868301206426088.jpg,1080,724
2340573526422730199.jpg,875,875
1788969492635149433.jpg,1080,1080
1806740424186995768.jpg,1080,1080
2192325586764748011.jpg,1080,1350
1761043624218381279.jpg,1080,1350
2027611937264855080.jpg,751,609
2094946928904191313.jpg,1080,1080
2078651723116949810.jpg,1080,1080
2407532809846749853.jpg,1080,1080
2156748971813328075.jpg,1080,721
2318462833984962959.jpg,1080,1350
2016887086351925333.jpg,1080,1350
1789969113039016451.jpg,1080,1161
2035597827362546174.jpg,1080,1080
2056767252694920015.jpg,1080,1080
1760801427809492866.jpg,1080,1080
2379375001286438896.jpg,1080,1181
2034757103922470877.jpg,800,534
1737852107053393112.jpg,1080,917
2056613591968674358.jpg,1080,812
1773274243270755982.jpg,1080,810
2380131704420244338.jpg,1080,1080
2012328216735338719.jpg,1080,1350
2111663157006123318.jpg,1080,886
2424852910444638144.jpg,1080,1350
2400095262887731688.jpg,816,612
2416797534669324731.jpg,1080,1080
2357678465700201202.jpg,720,900
2023484476042080264.jpg,1080,1350
2134308728128560626.jpg,1080,1346
2037257959444312509.jpg,1080,1080
1699950655421894148.jpg,1080,1350
2013423893552844852.jpg,1080,1080
2056637145636485235.jpg,1080,1350
1795248893022283273.jpg,612,765
1863204618416424955.jpg,1080,1350
2059427168850313320.jpg,720,900
1833413046681428462.jpg,1080,1350
1756033596029809183.jpg,1080,1080
2107241769727961866.jpg,1080,810
2016289396496939972.jpg,1080,720
2157531635734439832.jpg,1080,810
1798538578771443820.jpg,1080,1080
2417445848534089302.jpg,750,553
2447563850247979318.jpg,1080,1350
2312680534905952196.jpg,1080,1080
2432246430214113803.jpg,1080,720
1708044052485494472.jpg,1080,1080
2351811311639517204.jpg,1080,1350
2017363358822588851.jpg,1080,1080
1809587117379171715.jpg,1080,1080
2377010701991490313.jpg,1080,1350
2370648432275559838.jpg,726,726
2122040868807519474.jpg,1080,1349
2398851969178150595.jpg,1080,1350
2304650392996313488.jpg,1080,1080
1760312194358936212.jpg,1080,1350
1757326583854657992.jpg,1080,1350
2012588596250358521.jpg,1080,1351
2014529117067867849.jpg,1080,717
2013401615449909768.jpg,1080,1350
2417389454380244513.jpg,924,693
2369371668899351385.jpg,1080,724
2091324397272891691.jpg,1080,1080
2372662364518863960.jpg,1080,1079
1780528864478696122.jpg,1080,1080
2011933853089903888.jpg,1080,1350
1947523479108839983.jpg,1080,720
2423392688983237342.jpg,1080,810
2451923814517060885.jpg,1080,838
2110260939656913401.jpg,1080,1350
2131147663589096001.jpg,640,640
2467063836488741546.jpg,1080,1217
1792718977525487505.jpg,1080,1080
2313236488166170595.jpg,1080,1080
1880675671618189322.jpg,1002,1002
1818447588563683522.jpg,1080,1080
1853565890258030567.jpg,1080,1080
2315487964238444079.jpg,1080,1351
2030820945148552229.jpg,1080,1350
2064885908479481905.jpg,1080,1350
1800121372064690758.jpg,960,959
2454128039328747617.jpg,1080,810
1797366796928484538.jpg,1080,1350
2045189043169328005.jpg,1080,1350
2013237269749654030.jpg,1080,1350
2134764022755633316.jpg,1080,720
2019858861439246476.jpg,1080,1350
2045810494393820309.jpg,1080,1080
2321311725730534544.jpg,1080,1350
2179413380410814660.jpg,1000,1250
2414516037213962175.jpg,1080,1350
2064178994971820489.jpg,1080,714
2063301487652019294.jpg,1064,1331
2473488129023371250.jpg,720,900
2384765249549962085.jpg,750,750
2174220965773249645.jpg,1080,1080
2410276199036002801.jpg,1080,722
2016042442821864695.jpg,1080,1080
1758161874095213715.jpg,1080,720
2027133806743553532.jpg,720,900
2115340010560440411.jpg,1080,1080
2429240581597030904.jpg,656,657
2352276315007970872.jpg,1080,1080
2423393366161930405.jpg,1080,810
2120469633229326327.jpg,1080,1080
2031253119882718514.jpg,1080,1350
2361979808312548256.jpg,1080,1350
1980650443224406851.jpg,768,768
1856694687268765366.jpg,1080,1080
1766155657762941140.jpg,1080,1350
2116859384232256145.jpg,1080,1349
1760472137371515544.jpg,933,1167
2328703319861529915.jpg,1080,1350
2424310397279150928.jpg,1080,1080
1762440280180575535.jpg,1080,1350
1935134186442052365.jpg,1080,1080
2267025958603050391.jpg,1080,720
1953216581841935211.jpg,1055,1268
2305267532403515239.jpg,1080,1350
2011270346703003956.jpg,1080,1350
2013182470824050844.jpg,1080,1350
2012604548824244428.jpg,1080,1080
2015211280499145751.jpg,1080,1184
1756670850772538674.jpg,1080,1350
1762256377123470945.jpg,1080,1080
1756507573294516808.jpg,750,750
2016342948714863318.jpg,1080,1350
1855890493934874665.jpg,720,720
1855851693535861217.jpg,1080,1080
1763074830025216057.jpg,1080,1350
2018906286212597303.jpg,1080,1080
1873375808786064675.jpg,1080,1080
2359592339650862766.jpg,1005,729
2014757327303033222.jpg,1080,1080
2017626683537851053.jpg,1080,720
2367634300647274338.jpg,1080,1350
2133583215473539242.jpg,1080,1350
2178461672708961837.jpg,1080,1350
2271398973365102723.jpg,1080,933
2018744828543650291.jpg,920,1127
2317478851768159364.jpg,720,720
2441458371801767621.jpg,1080,1350
2034233958006278835.jpg,1080,1080
2194559931529510364.jpg,1080,1350
2370540363097005439.jpg,1080,1080
2424913456766319318.jpg,1080,1080
2032202921332169930.jpg,1080,1350
2117726981072919779.jpg,1080,1350
2009644781197757499.jpg,1080,1349
1758140699294063541.jpg,1080,1080
2354064275357418806.jpg,521,362
2277055785552688143.jpg,1080,1350
2350928251366727961.jpg,1080,1080
2012685488229598237.jpg,1080,1350
2436548990089449096.jpg,1080,1124
2016016733946463921.jpg,1080,1350
1753680422698577020.jpg,1080,1080
2043458399888303808.jpg,1080,1080
2040583278431323310.jpg,1080,1080
2018925738406018367.jpg,1080,1350
2362579332865994397.jpg,1080,1350
2013813545635966039.jpg,1080,1080
1902440637870100393.jpg,1080,810
2052332180285553158.jpg,960,1200
1756669038430772106.jpg,1080,1080
2437349272242821117.jpg,1007,720
2358376034448940280.jpg,1080,1350
2350270108420347821.jpg,480,480
2015965205443407837.jpg,1080,1080
2423602625364920899.jpg,1080,1350
2162522445798208318.jpg,1080,810
2405489899477600564.jpg,1080,1350
1851351428675558242.jpg,1080,810
2390951096061156668.jpg,1080,1080
2281157296247302310.jpg,1080,1350
1834297400178857229.jpg,1080,718
2018366868277929591.jpg,1080,1350
2186382027662462213.jpg,1080,1350
2449811793935985885.jpg,750,750
2151502540234855642.jpg,1080,1250
2318237429336482391.jpg,1080,792
2127705205230958934.jpg,1080,1080
1763831982946591935.jpg,1080,1080
2150173532089061469.jpg,1080,1080
2047217977791224051.jpg,1080,1350
2380736173856110849.jpg,1080,1350
2466473275833108650.jpg,1080,1350
1755362615644754891.jpg,1080,810
2446805259886894815.jpg,1080,1265
2400330976399625627.jpg,1080,1350
2435264109794337721.jpg,1080,720
2361302559648362404.jpg,1080,1080
2385201533904865864.jpg,799,999
1831457528408674795.jpg,1080,808
1693826311004235126.jpg,1080,1080
1826139648305577356.jpg,1080,1350
2013261483491845621.jpg,1080,1349
2039311487497165268.jpg,1080,810
1764581827631075396.jpg,1080,1080
2393569704160511413.jpg,1080,1350
2450183454241101311.jpg,1080,1080
2021036137536428609.jpg,847,847
2351573538938278504.jpg,1080,1080
1772406486048426067.jpg,901,901
2456219577204113464.jpg,1080,1080
1758930168203726586.jpg,1080,720
2039797071666760484.jpg,1080,1080
2386606342419523931.jpg,900,900
2424081213831390997.jpg,1080,810
1770639062622232201.jpg,918,918
1759715967878863859.jpg,1080,809
1789233783279536182.jpg,1080,1080
2387999737008510687.jpg,1080,1350
1793474544431177510.jpg,1080,720
2364532831580669231.jpg,1080,1351
2039158446133114784.jpg,1080,721
1769739659652502040.jpg,1080,1080
2031479493021292336.jpg,1080,1350
2012336414746007489.jpg,1080,720
2382115765820905815.jpg,1080,1350
1797367528616396532.jpg,1080,1301
1858861587901779060.jpg,1080,1080
1773268677806888837.jpg,1080,1080
2353130144918156126.jpg,1080,1224
2060906758685136746.jpg,1080,1080
2380846693774898958.jpg,1080,1243
1976237766435794852.jpg,816,816
2014110980702776986.jpg,1080,1350
2037101954337056415.jpg,1080,1350
2433665443217380191.jpg,1080,1080
1841391682227110329.jpg,1080,966
1781747978185366393.jpg,889,1055
2160508174998983475.jpg,1080,1350
2160926930761487250.jpg,1080,1349
1965412769968894046.jpg,1080,1080
2018066010153824438.jpg,1029,879
2424328867324643790.jpg,1080,1080
1982970691285576172.jpg,1080,1350
2324298466154384702.jpg,1080,1077
2426426004350649125.jpg,1080,1350
2161005569850699778.jpg,1080,1350
2346724533987593740.jpg,1080,742
2358878689260570075.jpg,1024,682
2380074934054373898.jpg,1080,1350
2016119157313146899.jpg,1080,1080
2393743025325916544.jpg,1080,1300
2383622219493097212.jpg,1080,1350
2399274304752973036.jpg,1080,1077
1789434379946494344.jpg,1080,854
1831398907457019905.jpg,1080,1349
1759548995639852236.jpg,1080,1350
2369763382742231610.jpg,400,369
2422828940324588265.jpg,1080,1080
2380592556877408379.jpg,1080,1080
2411807721165466521.jpg,1080,1350
2433360859319027727.jpg,1080,1920
1890087885894381779.jpg,1080,1350
1758557309292039766.jpg,1080,1080
1758256819882597839.jpg,1080,1080
2361934867024717693.jpg,1080,810
1755361205955994147.jpg,1080,1080
1889872197922010166.jpg,1080,1080
2039224878867102550.jpg,1080,1080
2382928221069670082.jpg,1080,1351
2013377252062003696.jpg,1080,788
2371421336546182652.jpg,937,1171
1775649062188710180.jpg,1080,1278
2014670636961595564.jpg,1080,810
2064569069505604925.jpg,720,720
1980654659498237334.jpg,768,768
2034251062923383020.jpg,1080,1350
2393917115231667596.jpg,1080,1080
2025626833094282774.jpg,1080,1080
2108759022661082372.jpg,1080,1080
1799619684719792578.jpg,1080,606
2424841212688292723.jpg,1080,1349
2393615338589627930.jpg,1080,1350
2356077887659890577.jpg,720,405
2438815653728034082.jpg,1080,720
2339978309747604821.jpg,1080,1080
2399724815542135049.jpg,1080,803
1801823200309601593.jpg,1080,1080
2279959493554898584.jpg,1080,1350
2018442391360206501.jpg,756,756
1866763769540082289.jpg,1080,1080
2163349534076212279.jpg,1080,1304
2033708285340914346.jpg,1080,1350
2388001636357089593.jpg,1080,1350
2351096304603441345.jpg,1080,720
1758214351220838964.jpg,1080,1080
1926991333601176354.jpg,1080,1350
2027692265408926134.jpg,1080,1080
2400043172737428606.jpg,1080,1080
1763996581192905480.jpg,1080,1350
2363159602568051037.jpg,1080,722
1761000533861423192.jpg,1080,1351
1760748813049535445.jpg,1080,1315
1756677366991655139.jpg,1080,1080
2357604405498343494.jpg,1080,1350
2018315127794729962.jpg,1080,1350
2371511154916029877.jpg,960,720
1906663745491095080.jpg,1080,1080
2303136771946590320.jpg,1080,1080
1858045065807296198.jpg,640,640
2260413556549157077.jpg,1080,1080
1847186870770069272.jpg,1080,1080
2016786581448407953.jpg,1080,809
2458046519230531786.jpg,1080,1080
2454125281280363873.jpg,1080,1350
1761818776493596051.jpg,1080,920
2011994612910187964.jpg,499,445
2055105454971499316.jpg,1080,1080
2366354336446412410.jpg,703,879
2405896780712302648.jpg,1080,1080
2364055319449396761.jpg,1080,1187
2101086360902907197.jpg,1080,1350
2044141309258188418.jpg,949,1187
2363854455572288199.jpg,1051,1051
2030589322411057628.jpg,1080,825
1873608028752044932.jpg,768,768
2018101954147805308.jpg,1080,1350
2420571511302527488.jpg,1080,1350
2016950445012151902.jpg,1059,1324
2098748935163087338.jpg,1080,1080
2384451164623413613.jpg,1080,1350
1759679788349489536.jpg,1080,1063
2369970688214476575.jpg,1080,1350
2016172225660561424.jpg,1080,1350
1748646180131496622.jpg,1080,1350
1749269601939621460.jpg,1080,1349
2449812448331317896.jpg,1080,1080
1830030181817950632.jpg,768,768
2322006728823978948.jpg,1080,1080
2103225015299650284.jpg,1080,1079
2015397800812062607.jpg,1080,1081
2435307224009016878.jpg,1080,1016
1825495642076704438.jpg,1080,924
2021978175084535465.jpg,600,750
2329950411590384257.jpg,1080,1080
1758839086897909358.jpg,1080,1352
2063157937775389350.jpg,1080,1080
1757435143465529429.jpg,1080,1350
2365251731226185365.jpg,1080,810
2019236637380554032.jpg,1080,1350
1856014425048282736.jpg,720,720
2014635932837222883.jpg,1080,1080
2337120292656055544.jpg,1080,1080
1788489125515633792.jpg,1080,1080
2372912333184617390.jpg,1080,810
1782824871802277771.jpg,1080,1080
2035598280187985824.jpg,1080,1080
1758281148288584206.jpg,1080,1080
2016089190067933385.jpg,1080,1080
2057401339371283975.jpg,1080,1350
2027052892753565724.jpg,1080,1080
2345946033266952158.jpg,1080,1318
2026123751959120381.jpg,1080,744
2374932194152891650.jpg,1080,1080
2348209648383096266.jpg,1080,1350
1890694188643780637.jpg,1080,1080
2015938302809768141.jpg,967,1209
2021341564470772573.jpg,1080,1080
2026108380715900997.jpg,1080,1350
2329090271886647623.jpg,1080,1080
1761018741100371175.jpg,1080,1080
2386642258477739492.jpg,1080,1350
1756704704534074894.jpg,1080,1080
2155009060613565860.jpg,1080,1080
1779360641652402828.jpg,1080,1080
2441774067609313364.jpg,1080,1350
2239962378615460678.jpg,1080,1080
1984911031201318451.jpg,1080,1350
1908598065540006743.jpg,960,960
2017788814122195766.jpg,1080,717
2035598422693676250.jpg,1080,1080
2011997279715814526.jpg,602,480
2039932353178052539.jpg,1080,607
2313351175167932404.jpg,1080,810
2441479143471092838.jpg,1080,1080
2437247285434703978.jpg,1080,1350
2345727906885259213.jpg,1080,1080
1802754728518738849.jpg,1080,1350
2452329832338820838.jpg,1080,1350
1758117059734062419.jpg,1080,1350
1760391069864007937.jpg,1080,720
2016708081928646658.jpg,1080,1080
1788977709628933251.jpg,1080,1080
2346500699459778886.jpg,1080,1029
1756036315046211457.jpg,1024,1024
1748762806353467140.jpg,1080,810
2016211446823725832.jpg,1080,1080
1760380524804951905.jpg,1080,1080
2366931004022346842.jpg,1080,1080
1781381492477567628.jpg,1080,1080
1786435286935355557.jpg,1080,809
2094985383826727687.jpg,1080,717
2011206340594427329.jpg,1080,1080
2016261445720757944.jpg,1080,1081
2014256557555853626.jpg,640,640
2332327834365578964.jpg,1080,1350
2353174141170667781.jpg,1080,1080
2033647865360155049.jpg,1080,732
1799204099843414774.jpg,1080,1349
1849591337914168117.jpg,1080,608
1908159442977910319.jpg,768,576
2334078320051517195.jpg,1080,830
2345362298758858858.jpg,1080,1350
2024843254184395061.jpg,1080,1350
1785577422993966789.jpg,1080,1078
2199440276410091583.jpg,1080,810
2016196462353871049.jpg,1080,1080
2327006098287911966.jpg,1080,1080
1758074103719361821.jpg,1080,1350
1757273950784022752.jpg,1080,1350
2351668355475050794.jpg,1080,1080
2361848589797095352.jpg,1080,1226
2438487193486822531.jpg,1080,1350
2035597672064228713.jpg,1080,1080
1761787886057136577.jpg,1080,979
1790646300857900619.jpg,1080,1350
1758002884498107410.jpg,1080,1351
1759754473334597470.jpg,1080,1350
2017788953029103137.jpg,1080,718
1757458161671052075.jpg,1080,1080
2015543333598143494.jpg,1080,919
2177909868001083210.jpg,1080,1350
1803881393072227650.jpg,864,1080
2259694896239570412.jpg,1080,1350
2402288358955770021.jpg,1080,1080
1763228981216507345.jpg,1080,720
2020181963541655591.jpg,1080,1080
1758951103753564083.jpg,972,972
2330746068794225269.jpg,1080,1080
2160950773098143435.jpg,1080,1349
2400769737867291559.jpg,1080,1080
2428642393107208130.jpg,1080,1080
1773261309924660654.jpg,1080,1350
2267771143389446515.jpg,1080,1350
2013936593974554784.jpg,959,1199
2346736583367434721.jpg,1080,720
2373664946225194262.jpg,1080,1080
2357656577304181592.jpg,1080,1351
2002849795210930047.jpg,1080,1350
2103825499255185869.jpg,1080,810
2047120998596897379.jpg,1080,1080
2017606671624291421.jpg,1080,1350
2180753572685951109.jpg,1080,1350
2374076383004202004.jpg,1080,1080
2017705110362008739.jpg,1080,1080
1756853328094425785.jpg,1080,1079
2322115025610675691.jpg,1080,1350
2013241498883451721.jpg,1080,1080
2396483131598055202.jpg,1080,1350
2387215127811026640.jpg,1080,1080
1756615393214145868.jpg,1080,1350
2013387682433896676.jpg,1080,1080
2366307137163692033.jpg,1080,1349
1761684128917651285.jpg,620,771
2359637034657557029.jpg,1080,1080
2096383397351060844.jpg,899,1123
1761874733937643959.jpg,1080,1080
1758951045326804739.jpg,1080,1350
2034374695161339810.jpg,720,720
1876137501003832628.jpg,720,720
2380878774370410909.jpg,1080,1080
1769108241873562104.jpg,992,992
2413135256801267798.jpg,1080,1080
2341638777885096511.jpg,1080,1080
1763740704204500408.jpg,1080,1351
2082083269161168810.jpg,1080,1080
2199578838682183920.jpg,1080,1080
2018875389871753054.jpg,1080,1080
2397378667528280243.jpg,1080,1080
1761094512316406749.jpg,1080,809
1758257035025182151.jpg,1080,1080
2316699487757546828.jpg,1080,1350
1764432867863059371.jpg,715,715
2015439666644634810.jpg,1080,1350
2324154201717725226.jpg,1080,864
2265340707103146530.jpg,1078,937
1759510132663088022.jpg,1080,1080
2018933544633732783.jpg,1080,1350
1888309323453566195.jpg,1080,1080
1759431175845282514.jpg,1080,1080
1796644135193792060.jpg,1080,1350
2183654422184425869.jpg,1080,1080
1867376438924273201.jpg,1080,1350
1831195466407107631.jpg,1080,720
2304488597780118976.jpg,1080,1080
2017591481842634859.jpg,1080,1350
2013347208104838197.jpg,1080,1080
2022095401502634209.jpg,1080,1350
2364715643942828159.jpg,1080,1080
2014818508474556010.jpg,953,953
1907456594850872896.jpg,1080,810
2088585448611016829.jpg,1080,1080
2454131481107731349.jpg,1080,810
2063924441538046752.jpg,1080,1350
2415249583117175784.jpg,1080,1349
2247164775360341847.jpg,1080,1080
1746496050891525108.jpg,1080,606
2324253435670450286.jpg,1080,864
2371837642114090526.jpg,1080,1080
1789368545109486631.jpg,1080,1080
2134397203606081509.jpg,480,480
1762551961754081759.jpg,768,884
2263199292846188993.jpg,352,440
2311851362840624996.jpg,1080,1080
2317034469805796532.jpg,1080,1351
2096783679872328131.jpg,1080,1080
2011905271231709692.jpg,1080,1350
1761050202053033989.jpg,1080,1080
2362753498822233948.jpg,1080,1080
2016350015429150599.jpg,1080,1350
2069540986274835741.jpg,1080,1080
2444478774509552124.jpg,1080,1350
2347401439163998063.jpg,1080,1080
2095975421920924471.jpg,1080,1248
1760839161278322025.jpg,1080,1080
2023857313420450021.jpg,1080,1350
2015969971642121749.jpg,1080,1350
2039079452087944232.jpg,1080,1080
2348625941352964550.jpg,1080,1080
2402526553840778103.jpg,1080,1350
2417818152119166634.jpg,1080,1350
2123212620575798404.jpg,1080,810
1806033934103063062.jpg,1080,1350
2015517066030815496.jpg,1080,1350
1755129009454398201.jpg,1080,1080
2416054031842453188.jpg,1080,1080
1815384351913055926.jpg,1080,1080
2409632728275708448.jpg,1080,1080
2331229016812634674.jpg,1080,1080
1767689449019412684.jpg,1080,1080
2014754352326296857.jpg,1080,1080
2379879372239435684.jpg,1080,1350
1759472659072080989.jpg,1080,1080
1773372068165219995.jpg,1080,1350
2014882630390250006.jpg,1080,1080
1787730315196773534.jpg,1080,1080
2046727191041001705.jpg,1080,1350
2335527341519908475.jpg,1080,1080
2058406407654344306.jpg,1080,1080
2405271225973562650.jpg,982,989
2383667396005955634.jpg,1080,853
2414532846801583691.jpg,1080,1080
1763868870249427215.jpg,1080,809
1911722115606806580.jpg,1080,1350
2383566451666502507.jpg,1080,872
2422612959933887718.jpg,720,720
2024970398076184744.jpg,1080,1350
2306135154896113390.jpg,1080,608
1759603897233711354.jpg,1080,1350
1837051622975488851.jpg,1080,1350
2435871724137345348.jpg,1080,1105
2391478873947996132.jpg,1080,1350
2016015818806019766.jpg,1080,720
2399314791532069818.jpg,1080,831
1796685240363385030.jpg,781,976
2329288097123954312.jpg,768,576
2368131870167412993.jpg,720,405
2385238665054909467.jpg,1080,1079
2017477497016477285.jpg,1080,1350
1847210533934995582.jpg,1080,1079
1755880241867157340.jpg,1080,1080
2145733557476796333.jpg,1080,1350
1765330764246872298.jpg,1080,1080
1764375485615347257.jpg,1080,1080
2161771454533015400.jpg,1080,720
2015547644521552049.jpg,1080,1350
2437805394053865391.jpg,1080,1151
2396612679849349116.jpg,1080,1350
1758035584850573557.jpg,1080,1080
2369975779780979140.jpg,1080,1350
1770278498984993515.jpg,1080,565
2417792874165805429.jpg,1080,1080
2016913794999089578.jpg,1080,783
2390160248642770291.jpg,1080,1080
2362590837623630043.jpg,1080,1080
2385166609839752398.jpg,1080,1080
1758004200477100801.jpg,1080,720
2027147265902186593.jpg,1080,1349
1761053588853237347.jpg,768,960
1773275106408203192.jpg,1080,1080
2027185342901125212.jpg,719,899
2423359684768405505.jpg,1080,1350
2288893129080094718.jpg,1080,1350
2181488448351729380.jpg,1080,1350
2062317321481457903.jpg,1080,1080
2424883382817039854.jpg,1080,1080
1756746603810671617.jpg,1080,1350
1773103567286458529.jpg,1080,1350
2017372954082211640.jpg,1080,1350
1980658547374932741.jpg,768,768
2441087998559716193.jpg,1080,1080
2025687314285490682.jpg,773,434
2134254562392106409.jpg,1080,1080
2137455021167772849.jpg,931,1164
2275734851961098951.jpg,1080,1350
2024604194635336209.jpg,1080,1350
1890129886270609578.jpg,720,405
1763777526856729042.jpg,1080,720
2062526769791076112.jpg,1080,1080
1755295444193249298.jpg,1080,1141
1754352785492620511.jpg,1080,1080
1832204764000083841.jpg,1080,1080
2391025121400461249.jpg,1080,1350
2313817883737483556.jpg,1080,1080
2014888046385738900.jpg,1080,792
2422835528477424182.jpg,720,720
2008106313997000514.jpg,1080,1080
2366011344158469615.jpg,1080,1080
1763697530236838619.jpg,1080,809
2403871054564245200.jpg,800,600
1837995237777933776.jpg,1080,1080
1811198294945231300.jpg,937,1171
1889768113744139097.jpg,1080,1080
2016674440187959292.jpg,1080,1350
1773391577734135163.jpg,1080,1079
1758803432912825507.jpg,1080,809
1759696866632750127.jpg,1080,810
2031919321732444518.jpg,1080,1080
1811018725466418861.jpg,1080,1350
1830811468816431799.jpg,1080,722
2063161382330712208.jpg,720,720
2016325257778058182.jpg,1080,1350
2202294501515380705.jpg,1080,720
2013252632546033241.jpg,1080,1080
1768370015033196882.jpg,1080,1080
1841406380435641210.jpg,976,976
2361109524021792454.jpg,680,680
2437989490226952939.jpg,1080,1080
2014810214456529059.jpg,1080,1080
2339622958445905316.jpg,1080,690
2423540970296895938.jpg,1066,1333
2200337108900397827.jpg,1080,720
2098556252728305645.jpg,1080,1080
1863954745668960909.jpg,1080,1080
2035597278940629888.jpg,1080,1080
2066129544999522515.jpg,800,800
2019905676540765779.jpg,1080,1080
1766157140860512517.jpg,1080,1080
2406887426905887424.jpg,1080,1233
2019135031406102554.jpg,1080,1350
1777746777049199898.jpg,1080,1080
2013332905962675996.jpg,1080,1080
2164838128735804264.jpg,1080,1080
1784008983658248630.jpg,1080,809
1950784059466697170.jpg,1080,1350
1799452733713924110.jpg,1080,1080
1988818168815887971.jpg,918,918
2011803828357199196.jpg,1080,1350
1755812522017830874.jpg,1080,1351
2437142021507291062.jpg,1080,1080
2338582101116260539.jpg,1080,1350
1830777325109823288.jpg,1080,810
1815929324415585173.jpg,1080,1080
2015238203527958091.jpg,1080,1350
1757541418816983406.jpg,1080,1080
2400101119714821821.jpg,1080,1080
2389244995497554122.jpg,1080,1350
2347091382480365560.jpg,1080,1350
2113088631240932179.jpg,1080,1080
2348986246006976549.jpg,1080,1298
2159479866898893483.jpg,1080,1350
1756590134991389259.jpg,1080,1350
2436542496284601679.jpg,1080,1350
2018360024020330741.jpg,1080,1306
2371477947654371710.jpg,1080,1080
2365341874578563421.jpg,1080,1304
2016876414984492369.jpg,780,780
2404094511880675200.jpg,1080,1080
1765062945631184904.jpg,1080,1080
2416149062037024599.jpg,1080,1350
1892100368167580693.jpg,1080,809
1745644516902638189.jpg,854,854
2019874281579719265.jpg,1080,1350
1760903086137090969.jpg,1080,1350
2351627194268608501.jpg,1080,1349
2404570101930819538.jpg,720,720
2016655683621188943.jpg,1080,1080
2434321771950518388.jpg,720,720
1845962372255891321.jpg,937,1171
2430064463615730630.jpg,1080,720
2006728066096731654.jpg,1080,1080
2427207937700045330.jpg,1080,1291
1756846041019293406.jpg,1080,1350
2292453124744342442.jpg,1080,1080
2441085883523015918.jpg,1080,1080
1824686404295446434.jpg,1080,1080
