,id,width
0,2370540363097005439.jpeg,315
1,1755295444193249298.jpeg,385
2,2353130144918156126.jpeg,466
3,2315418411127293280.jpeg,234
4,2399314791532069818.jpeg,333
5,2045810494393820309.jpeg,222
6,1756689673423586181.jpeg,316
7,2011933853089903888.jpeg,179
8,1773275106408203192.jpeg,315
9,2052332180285553158.jpeg,107
10,1761786350329290031.jpeg,332
11,2417445848534089302.jpeg,191
12,1906696283693017716.jpeg,224
13,2358878689260570075.jpeg,461
14,2329950411590384257.jpeg,273
15,2382115765820905815.jpeg,253
16,1800121372064690758.jpeg,191
17,1762211602894365511.jpeg,269
18,1757518157012121593.jpeg,279
19,2037102975347876059.jpeg,247
20,2393743025325916544.jpeg,350
21,2449394902625129370.jpeg,238
22,2338822138634338837.jpeg,292
23,2409632728275708448.jpeg,191
24,2377010701991490313.jpeg,445
25,1798619130314618414.jpeg,475
26,1758140699294063541.jpeg,462
27,2448003399205842667.jpeg,303
28,2013261483491845621.jpeg,160
29,2015517066030815496.jpeg,400
30,2307455464440750171.jpeg,280
31,1756853328094425785.jpeg,139
32,2345362298758858858.jpeg,130
33,2337251270544109929.jpeg,314
34,2019905676540765779.jpeg,447
35,2436548990089449096.jpeg,392
36,2434321771950518388.jpeg,436
37,1773274243270755982.jpeg,228
38,2354064275357418806.jpeg,200
39,1815384351913055926.jpeg,146
40,1789368545109486631.jpeg,125
41,2009644781197757499.jpeg,197
42,2397963513250179639.jpeg,203
43,2466473275833108650.jpeg,474
44,2095975421920924471.jpeg,391
45,2414516037213962175.jpeg,243
46,2403871054564245200.jpeg,378
47,1830811468816431799.jpeg,238
48,2311851362840624996.jpeg,234
49,2467063836488741546.jpeg,359
50,1830030181817950632.jpeg,351
51,1777746777049199898.jpeg,360
52,2015505068182222360.jpeg,369
53,1755368658807616211.jpeg,89
54,1949581406296519261.jpeg,116
55,1780528864478696122.jpeg,43
56,2468248884345813629.jpeg,289
57,2425434610268996183.jpeg,167
58,2022516044987420419.jpeg,382
59,1763740704204500408.jpeg,416
60,2096783679872328131.jpeg,344
61,2017363358822588851.jpeg,250
62,2177140194939269023.jpeg,116
63,2016342948714863318.jpeg,309
64,2178527940119964909.jpeg,133
65,1984911031201318451.jpeg,267
66,1756036315046211457.jpeg,100
67,1758281148288584206.jpeg,99
68,2101086360902907197.jpeg,294
69,2094988297693757679.jpeg,366
70,2014757327303033222.jpeg,315
71,2362589796806476139.jpeg,309
72,2454125281280363873.jpeg,115
73,1869615588852918769.jpeg,283
74,1761161774725702520.jpeg,312
75,2414196366395083348.jpeg,323
76,1756745864052887698.jpeg,456
77,1844176319533838732.jpeg,148
78,1913801292883540238.jpeg,195
79,2015439666644634810.jpeg,116
80,2456173064761751272.jpeg,443
81,2404126158096731538.jpeg,207
82,2029251893351884293.jpeg,433
83,1876137501003832628.jpeg,274
84,1798538578771443820.jpeg,185
85,1769700927335366300.jpeg,422
86,1764024577761195205.jpeg,279
87,2436420215182926983.jpeg,283
88,2441774067609313364.jpeg,347
89,1766779820412305813.jpeg,202
90,2033647865360155049.jpeg,248
91,2123938852931507695.jpeg,229
92,2347401439163998063.jpeg,203
93,1755863947732404156.jpeg,171
94,2400848847767947506.jpeg,272
95,2304488597780118976.jpeg,454
96,2035597827362546174.jpeg,325
97,2110116324551208093.jpeg,354
98,1724623179508563401.jpeg,213
99,2260332845910025407.jpeg,296
100,1846688471331239398.jpeg,187
101,1759776650792517611.jpeg,271
102,1760391069864007937.jpeg,204
103,1759510132663088022.jpeg,252
104,2363854455572288199.jpeg,162
105,1764605924166689425.jpeg,393
106,1694851219670776747.jpeg,327
107,2436675082257532159.jpeg,438
108,2364715643942828159.jpeg,374
109,2356622264395638456.jpeg,327
110,2353174141170667781.jpeg,464
111,2016089190067933385.jpeg,490
112,2013237269749654030.jpeg,432
113,2014426496357168554.jpeg,315
114,2351581184902742330.jpeg,454
115,2329182776556773835.jpeg,440
116,1759431175845282514.jpeg,174
117,1757452703203634381.jpeg,489
118,2016931696407351714.jpeg,164
119,2174962059308097986.jpeg,479
120,2094311052056548535.jpeg,456
121,2317034469805796532.jpeg,333
122,2330672308785527512.jpeg,264
123,2012336414746007489.jpeg,392
124,2385012926940763075.jpeg,371
125,2182893857088188896.jpeg,144
126,2404664436131192392.jpeg,354
127,2091324397272891691.jpeg,338
128,2015540410228021824.jpeg,231
129,2353064876245907567.jpeg,257
130,2380736173856110849.jpeg,243
131,2016890170900636166.jpeg,294
132,1935134186442052365.jpeg,407
133,2041674598424211701.jpeg,151
134,2366065030293488150.jpeg,237
135,1719625287035156721.jpeg,171
136,2404570101930819538.jpeg,217
137,1762615515483784071.jpeg,345
138,1993008782984198034.jpeg,199
139,2454121662887759324.jpeg,169
140,2372665859817449967.jpeg,250
141,2015969971642121749.jpeg,140
142,2328704173847015405.jpeg,401
143,1775649062188710180.jpeg,234
144,2417784129904154340.jpeg,198
145,2161771454533015400.jpeg,209
146,2313817883737483556.jpeg,366
147,1732616452881618161.jpeg,247
148,1756670850772538674.jpeg,229
149,2095854589568909203.jpeg,378
150,2035598422693676250.jpeg,493
151,2016289396496939972.jpeg,342
152,2405489899477600564.jpeg,456
153,1953216581841935211.jpeg,189
154,2258238167299609487.jpeg,247
155,2019858861439246476.jpeg,136
156,1770278498984993515.jpeg,493
157,1889872197922010166.jpeg,264
158,2315487964238444079.jpeg,435
159,2400101119714821821.jpeg,348
160,2348986246006976549.jpeg,230
161,2441458371801767621.jpeg,170
162,2042760065156635851.jpeg,491
163,2405311674733898709.jpeg,385
164,2017788814122195766.jpeg,299
165,2327108718679584771.jpeg,432
166,2347091382480365560.jpeg,119
167,2357648708236913686.jpeg,414
168,1742766505269099044.jpeg,342
169,2012609179226889690.jpeg,209
170,2014888046385738900.jpeg,164
171,1760268987532622561.jpeg,298
172,2332327834365578964.jpeg,343
173,2065293052261537005.jpeg,337
174,2023857313420450021.jpeg,213
175,2436637524422895384.jpeg,171
176,2004456705894777839.jpeg,163
177,1811198294945231300.jpeg,394
178,1756846041019293406.jpeg,233
179,1841406380435641210.jpeg,377
180,2406029100659334958.jpeg,335
181,2351096304603441345.jpeg,211
182,2016016361767270443.jpeg,241
183,2011905271231709692.jpeg,395
184,1855890493934874665.jpeg,312
185,2082083269161168810.jpeg,167
186,1801823200309601593.jpeg,295
187,2399274304752973036.jpeg,224
188,2428642393107208130.jpeg,207
189,1722482583108891130.jpeg,311
190,2361109524021792454.jpeg,377
191,1796685240363385030.jpeg,157
192,2017626683537851053.jpeg,103
193,2348024449252430754.jpeg,459
194,1761818776493596051.jpeg,339
195,2322115025610675691.jpeg,428
196,2016119157313146899.jpeg,262
197,1902440637870100393.jpeg,271
198,1871065291971356938.jpeg,90
199,2031253119882718514.jpeg,257
200,1809587117379171715.jpeg,304
201,1976237766435794852.jpeg,407
202,2145733557476796333.jpeg,458
203,1950783260770449838.jpeg,290
204,2026123751959120381.jpeg,169
205,2407369212932128328.jpeg,227
206,1796644135193792060.jpeg,280
207,2411807721165466521.jpeg,267
208,1863892572486085075.jpeg,139
209,1758035584850573557.jpeg,327
210,1761706788677384416.jpeg,310
211,2400769737867291559.jpeg,187
212,2014818508474556010.jpeg,479
213,1757469197522245306.jpeg,460
214,1813671812001722810.jpeg,475
215,1763074830025216057.jpeg,348
216,2362590837623630043.jpeg,314
217,1760459371907569490.jpeg,157
218,2014754352326296857.jpeg,345
219,2318237625747393305.jpeg,439
220,2359499041335120309.jpeg,441
221,2013423893552844852.jpeg,231
222,2017039806084897292.jpeg,426
223,1749269601939621460.jpeg,234
224,2351811311639517204.jpeg,362
225,2281157296247302310.jpeg,315
226,1779360641652402828.jpeg,297
227,1758117059734062419.jpeg,456
228,1805945634868441341.jpeg,396
229,1770639062622232201.jpeg,484
230,2420571511302527488.jpeg,225
231,2015410459833988213.jpeg,203
232,2351854979679378957.jpeg,307
233,2385238665054909467.jpeg,331
234,2378556668710255301.jpeg,258
235,1761684128917651285.jpeg,210
236,1756590134991389259.jpeg,398
237,2393811781670615883.jpeg,437
238,2011787481854497653.jpeg,430
239,2160508174998983475.jpeg,328
240,2400722368631644574.jpeg,342
241,1873608028752044932.jpeg,358
242,1693826311004235126.jpeg,247
243,2098748935163087338.jpeg,344
244,2116161785995821296.jpeg,298
245,1805078173562670585.jpeg,386
246,2120469633229326327.jpeg,251
247,1792718977525487505.jpeg,236
248,2416797534669324731.jpeg,272
249,2437349272242821117.jpeg,475
250,2131147663589096001.jpeg,262
251,2473488129023371250.jpeg,174
252,2386322757733182620.jpeg,190
253,2178461672708961837.jpeg,241
254,1758637780740493070.jpeg,130
255,2263199292846188993.jpeg,362
256,2363159602568051037.jpeg,218
257,2328703319861529915.jpeg,394
258,2441725493265589870.jpeg,416
259,1758839086897909358.jpeg,358
260,2403791917450450860.jpeg,396
261,2012328216735338719.jpeg,160
262,2083557802200256763.jpeg,338
263,2279959493554898584.jpeg,435
264,1858861587901779060.jpeg,125
265,2021036137536428609.jpeg,164
266,1788709280975826287.jpeg,221
267,2382928221069670082.jpeg,179
268,2164838128735804264.jpeg,212
269,2364786355816182257.jpeg,370
270,1810079061079291536.jpeg,420
271,2414532846801583691.jpeg,425
272,2405896780712302648.jpeg,381
273,1847186870770069272.jpeg,71
274,1812422422389960613.jpeg,470
275,2011805179753642726.jpeg,176
276,1951644944439771362.jpeg,358
277,1763014470256297198.jpeg,288
278,1853565890258030567.jpeg,264
279,1773391577734135163.jpeg,270
280,2174220965773249645.jpeg,223
281,2199440276410091583.jpeg,425
282,1908598065540006743.jpeg,352
283,1769629770910598688.jpeg,347
284,1760801427809492866.jpeg,344
285,1882240108464446804.jpeg,471
286,1831195466407107631.jpeg,451
287,2018326710734344119.jpeg,349
288,2466068795293987583.jpeg,417
289,2137455021167772849.jpeg,353
290,2387175403482297913.jpeg,451
291,2324298466154384702.jpeg,254
292,2387999737008510687.jpeg,449
293,2398851969178150595.jpeg,464
294,2151502540234855642.jpeg,153
295,1769739659652502040.jpeg,379
296,1760416962745253842.jpeg,360
297,2056794571524011772.jpeg,115
298,2379938945859125503.jpeg,345
299,2046727191041001705.jpeg,170
300,2027611937264855080.jpeg,194
301,2039079452087944232.jpeg,291
302,1758159071065683083.jpeg,448
303,2358376034448940280.jpeg,329
304,1797366796928484538.jpeg,191
305,2340906116786843900.jpeg,264
306,2016950445012151902.jpeg,283
307,2249513322531711197.jpeg,264
308,1824686404295446434.jpeg,423
309,2339978309747604821.jpeg,459
310,2424913456766319318.jpeg,451
311,2383667396005955634.jpeg,216
312,2035598028865360506.jpeg,181
313,2425723170013963520.jpeg,234
314,2346088465932063822.jpeg,196
315,2382913513440867768.jpeg,133
316,2047120998596897379.jpeg,482
317,2433360859319027727.jpeg,183
318,2327855220928827855.jpeg,145
319,2159479866898893483.jpeg,466
320,goat.jpeg,275
321,2094946928904191313.jpeg,364
322,2362579332865994397.jpeg,443
323,2019775338107895383.jpeg,176
324,2380592556877408379.jpeg,232
325,2384451164623413613.jpeg,117
326,2361979808312548256.jpeg,254
327,2013346558657056143.jpeg,77
328,2035598280187985824.jpeg,499
329,2369970688214476575.jpeg,310
330,2449813481321369124.jpeg,201
331,2400330976399625627.jpeg,199
332,2423602625364920899.jpeg,273
333,2013241498883451721.jpeg,463
334,1811018725466418861.jpeg,231
335,2422835528477424182.jpeg,272
336,2369763382742231610.jpeg,469
337,1761050202053033989.jpeg,273
338,2034374695161339810.jpeg,259
339,2405271225973562650.jpeg,294
340,1756669038430772106.jpeg,344
341,2018925738406018367.jpeg,217
342,1882592808393879554.jpeg,161
343,2366839188308281477.jpeg,423
344,2161005569850699778.jpeg,421
345,2044141309258188418.jpeg,280
346,1802804901613410459.jpeg,218
347,2348209648383096266.jpeg,478
348,2424883382817039854.jpeg,160
349,2313236488166170595.jpeg,439
350,1759679788349489536.jpeg,494
351,2345946033266952158.jpeg,309
352,2390160248642770291.jpeg,143
353,2039224878867102550.jpeg,413
354,1760472137371515544.jpeg,490
355,2017372954082211640.jpeg,289
356,1758951103753564083.jpeg,386
357,1699950655421894148.jpeg,166
358,2361302559648362404.jpeg,466
359,2380846693774898958.jpeg,433
360,1808860261558269491.jpeg,241
361,2371259397983634632.jpeg,268
362,2441479143471092838.jpeg,204
363,1748646180131496622.jpeg,187
364,2031479493021292336.jpeg,442
365,1806740424186995768.jpeg,196
366,1765897985075519732.jpeg,362
367,1762551961754081759.jpeg,449
368,2180753572685951109.jpeg,275
369,1761787886057136577.jpeg,141
370,2437805394053865391.jpeg,266
371,2323462314226911575.jpeg,238
372,2441087998559716193.jpeg,226
373,1980651924275197452.jpeg,243
374,2377217156432314478.jpeg,348
375,2134252968690698444.jpeg,370
376,2313351175167932404.jpeg,434
377,2043458399888303808.jpeg,378
378,2361894841008191109.jpeg,129
379,2346736583367434721.jpeg,397
380,2058880085261441234.jpeg,328
381,2406887426905887424.jpeg,271
382,2017477497016477285.jpeg,221
383,2016196462353871049.jpeg,119
384,2018906286212597303.jpeg,403
385,1713777032913464677.jpeg,299
386,1911722115606806580.jpeg,416
387,1771612768198322462.jpeg,242
388,2391401914779933857.jpeg,173
389,2017783551168238944.jpeg,138
390,2015328057866519672.jpeg,338
391,2056613591968674358.jpeg,299
392,2018744828543650291.jpeg,309
393,2027692265408926134.jpeg,190
394,1758256819882597839.jpeg,223
395,2474231526895617392.jpeg,401
396,2042149638726894510.jpeg,419
397,2448297231850471125.jpeg,474
398,1758867778619604838.jpeg,208
399,2391478873947996132.jpeg,412
400,2027147265902186593.jpeg,313
401,1804590541371974994.jpeg,166
402,1868861223045422596.jpeg,337
403,1889768113744139097.jpeg,371
404,1833413046681428462.jpeg,461
405,1762440280180575535.jpeg,395
406,2350781964663207604.jpeg,312
407,2053100399619297554.jpeg,313
408,2352276315007970872.jpeg,426
409,2371391866695270076.jpeg,369
410,2011270346703003956.jpeg,134
411,2424419297064659907.jpeg,362
412,2177909868001083210.jpeg,218
413,2365251731226185365.jpeg,360
414,2374076383004202004.jpeg,390
415,2117780681802875313.jpeg,123
416,2379375001286438896.jpeg,202
417,1818447588563683522.jpeg,229
418,1757533897748571053.jpeg,243
419,1763850960754565154.jpeg,369
420,2064771547819522189.jpeg,51
421,2351819647266816982.jpeg,430
422,2265340707103146530.jpeg,459
423,2063157937775389350.jpeg,389
424,2440824222127111186.jpeg,236
425,2012721071907905098.jpeg,281
426,2037257959444312509.jpeg,346
427,1755129009454398201.jpeg,297
428,1830011987690667842.jpeg,238
429,2393569704160511413.jpeg,300
430,2011994612910187964.jpeg,335
431,2312496071237874185.jpeg,465
432,1926991333601176354.jpeg,418
433,1756746603810671617.jpeg,172
434,1760910256811363962.jpeg,225
435,2376099894854013638.jpeg,121
436,2015547644521552049.jpeg,415
437,1975413876472350180.jpeg,339
438,2197413190635963132.jpeg,178
439,2328705012346999768.jpeg,278
440,2063924441538046752.jpeg,457
441,2383791538042691648.jpeg,426
442,1748762806353467140.jpeg,230
443,1782824871802277771.jpeg,297
444,2318462833984962959.jpeg,216
445,1758257035025182151.jpeg,262
446,1761018741100371175.jpeg,200
447,1836326607221338083.jpeg,274
448,1766521158299025334.jpeg,172
449,2016211446823725832.jpeg,274
450,1806033934103063062.jpeg,262
451,2386606342419523931.jpeg,299
452,2341638777885096511.jpeg,364
453,2423945294298131568.jpeg,458
454,2035597672064228713.jpeg,215
455,2030589322411057628.jpeg,255
456,1784029669270475559.jpeg,300
457,2069540986274835741.jpeg,265
458,2345727906885259213.jpeg,165
459,2057401339371283975.jpeg,474
460,2458046519230531786.jpeg,67
461,2014101826147936481.jpeg,257
462,2317478851768159364.jpeg,161
463,2035597537141916879.jpeg,450
464,2377054914009292915.jpeg,204
465,2096383397351060844.jpeg,341
466,2160950773098143435.jpeg,315
467,2435264109794337721.jpeg,207
468,2365341874578563421.jpeg,481
469,2039311487497165268.jpeg,356
470,2275734851961098951.jpeg,179
471,2247164775360341847.jpeg,240
472,2013252632546033241.jpeg,312
473,2399724815542135049.jpeg,296
474,1757507784767134686.jpeg,140
475,2357656577304181592.jpeg,230
476,1764581827631075396.jpeg,165
477,2045189043169328005.jpeg,193
478,1746496050891525108.jpeg,471
479,1764646092026406394.jpeg,172
480,2124232426696917508.jpeg,175
481,2056637145636485235.jpeg,486
482,1756704704534074894.jpeg,94
483,2134397203606081509.jpeg,468
484,2274154358673152436.jpeg,297
485,2013182470824050844.jpeg,403
486,2422612959933887718.jpeg,242
487,2417770879359421894.jpeg,464
488,2014882630390250006.jpeg,380
489,2426426004350649125.jpeg,469
490,2016844369160858943.jpeg,491
491,2329090271886647623.jpeg,422
492,1758930168203726586.jpeg,411
493,1760839161278322025.jpeg,201
494,2120298084995752892.jpeg,254
495,2179413380410814660.jpeg,495
496,2034233958006278835.jpeg,240
497,1788612079071098262.jpeg,115
498,1805334190204520224.jpeg,239
499,1784318246527303336.jpeg,382
500,2441085883523015918.jpeg,275
501,2024604194635336209.jpeg,96
502,2016876414984492369.jpeg,231
503,1781747978185366393.jpeg,193
504,2012666356985506451.jpeg,296
505,2316230869570091692.jpeg,463
506,1766157140860512517.jpeg,222
507,2430008824965290135.jpeg,360
508,2016913794999089578.jpeg,354
509,1790646300857900619.jpeg,162
510,2116859384232256145.jpeg,384
511,1889078801666173490.jpeg,129
512,2166186807398375649.jpeg,158
513,2396612679849349116.jpeg,195
514,2418541465541012390.jpeg,436
515,2016786581448407953.jpeg,200
516,1938544072513083733.jpeg,448
517,1989796252103198765.jpeg,210
518,2025626833094282774.jpeg,479
519,1784008983658248630.jpeg,309
520,2435915155230759978.jpeg,257
521,1761053588853237347.jpeg,211
522,2437247285434703978.jpeg,330
523,1832204764000083841.jpeg,170
524,2012604548824244428.jpeg,90
525,2366011344158469615.jpeg,111
526,2423393366161930405.jpeg,347
527,1760404986614820096.jpeg,153
528,2384387111091329035.jpeg,456
529,2016802777174588324.jpeg,204
530,1882726584436372305.jpeg,154
531,1758247778289758111.jpeg,293
532,2400364975106680548.jpeg,372
533,2363423952484759553.jpeg,400
534,1802254152336869401.jpeg,57
535,2330780171898095405.jpeg,399
536,2424081213831390997.jpeg,334
537,2076276861266159104.jpeg,156
538,2010140102570853890.jpeg,52
539,2376885424970122704.jpeg,349
540,1789233783279536182.jpeg,483
541,2377028814440847598.jpeg,384
542,2182913554688774781.jpeg,413
543,2060903137624987556.jpeg,246
544,2339622958445905316.jpeg,361
545,1863204618416424955.jpeg,256
546,2017310395315948880.jpeg,278
547,2410276199036002801.jpeg,282
548,2385201533904865864.jpeg,497
549,2014709659533130650.jpeg,241
550,2368131870167412993.jpeg,231
551,2022064463704119671.jpeg,267
552,1805316263371856258.jpeg,305
553,2016226994814988305.jpeg,196
554,2474105668549488280.jpeg,282
555,1788977709628933251.jpeg,61
556,2040583278431323310.jpeg,383
557,2383622219493097212.jpeg,368
558,1758249571891637154.jpeg,319
559,2199578838682183920.jpeg,432
560,1758161874095213715.jpeg,372
561,2362031682013191063.jpeg,259
562,1865426252284637818.jpeg,273
563,1765062945631184904.jpeg,256
564,1907456594850872896.jpeg,386
565,2016655683621188943.jpeg,308
566,2078651723116949810.jpeg,243
567,2015938302809768141.jpeg,432
568,2371477947654371710.jpeg,59
569,2314604062351101717.jpeg,339
570,2013213829529399016.jpeg,204
571,2015211280499145751.jpeg,178
572,2050306268138074704.jpeg,178
573,2058112536361940158.jpeg,493
574,2417818152119166634.jpeg,280
575,2019874281579719265.jpeg,399
576,2292453124744342442.jpeg,472
577,1781042077585740158.jpeg,238
578,2392520950489613286.jpeg,225
579,2391573633469175328.jpeg,223
580,2384765249549962085.jpeg,347
581,2006728066096731654.jpeg,418
582,2321311725730534544.jpeg,435
583,1947523479108839983.jpeg,166
584,2183654422184425869.jpeg,477
585,1756507573294516808.jpeg,308
586,2271398973365102723.jpeg,471
587,2014810214456529059.jpeg,201
588,2110260939656913401.jpeg,422
589,2155009060613565860.jpeg,323
590,2316699487757546828.jpeg,214
591,2435307224009016878.jpeg,301
592,2008106313997000514.jpeg,202
593,2014635932837222883.jpeg,205
594,1759278016598487492.jpeg,194
595,1873375808786064675.jpeg,117
596,2039797071666760484.jpeg,329
597,1760063466946805138.jpeg,387
598,2366931004022346842.jpeg,426
599,2328699439407148589.jpeg,378
600,2005840244415718157.jpeg,293
601,1795248893022283273.jpeg,339
602,1880675671618189322.jpeg,281
603,2386642258477739492.jpeg,361
604,2103225015299650284.jpeg,460
605,2016350015429150599.jpeg,154
606,2397378667528280243.jpeg,455
607,2143778404823133041.jpeg,428
608,1763868870249427215.jpeg,87
609,1899574268769928972.jpeg,267
610,2202294501515380705.jpeg,371
611,2449811793935985885.jpeg,301
612,1761000533861423192.jpeg,335
613,2066129544999522515.jpeg,280
614,2134764022755633316.jpeg,471
615,2400095262887731688.jpeg,387
616,1757197867493323210.jpeg,447
617,2019924069427947857.jpeg,192
618,1763699555188287542.jpeg,225
619,2123212620575798404.jpeg,251
620,1761831376880386862.jpeg,416
621,1844278128261516025.jpeg,183
622,2393615338589627930.jpeg,493
623,1757541418816983406.jpeg,175
624,1799452733713924110.jpeg,185
625,2267771143389446515.jpeg,321
626,2303136771946590320.jpeg,372
627,2017591481842634859.jpeg,215
628,2016674440187959292.jpeg,177
629,2449396014937625399.jpeg,190
630,1773971089215648820.jpeg,143
631,1757416281226754943.jpeg,271
632,2058406407654344306.jpeg,205
633,2358160703058416144.jpeg,474
634,2454119547339590458.jpeg,304
635,1837984847295890666.jpeg,86
636,2436542496284601679.jpeg,452
637,2372912333184617390.jpeg,452
638,2340573526422730199.jpeg,331
639,1758074103719361821.jpeg,454
640,2013813545635966039.jpeg,125
641,2454131481107731349.jpeg,411
642,1755812522017830874.jpeg,391
643,2018875389871753054.jpeg,491
644,2027757453021742311.jpeg,188
645,2337120292656055544.jpeg,307
646,2371421336546182652.jpeg,173
647,2358019403701710284.jpeg,344
648,1836334634055400119.jpeg,167
649,1840750863805511957.jpeg,76
650,1760380524804951905.jpeg,210
651,2393139076269485535.jpeg,334
652,2023484476042080264.jpeg,283
653,2016325257778058182.jpeg,131
654,2380074934054373898.jpeg,198
655,1756033596029809183.jpeg,489
656,2324154201717725226.jpeg,306
657,2030820945148552229.jpeg,473
658,2438138187588417490.jpeg,278
659,2018360024020330741.jpeg,205
660,2032310267672779408.jpeg,324
661,1787730315196773534.jpeg,96
662,2366772704763385928.jpeg,477
663,1890694188643780637.jpeg,432
664,2351668355475050794.jpeg,113
665,2024871151700201491.jpeg,235
666,1793674384898970551.jpeg,265
667,2063161382330712208.jpeg,393
668,1950784059466697170.jpeg,269
669,2025565042800669891.jpeg,401
670,1763996581192905480.jpeg,310
671,2393917115231667596.jpeg,426
672,2433665443217380191.jpeg,274
673,1855851693535861217.jpeg,329
674,2063301487652019294.jpeg,238
675,2014529117067867849.jpeg,254
676,2027133806743553532.jpeg,424
677,2306589922314089457.jpeg,316
678,2305267532403515239.jpeg,209
679,2435871724137345348.jpeg,309
680,1837995237777933776.jpeg,255
681,1753680422698577020.jpeg,285
682,2349670892407541414.jpeg,185
683,1761029395664331752.jpeg,224
684,2018950459297005514.jpeg,286
685,1793474544431177510.jpeg,417
686,1763338898060291450.jpeg,297
687,2454123174187934610.jpeg,375
688,1769108241873562104.jpeg,293
689,2015238203527958091.jpeg,174
690,2379879372239435684.jpeg,364
691,2060906758685136746.jpeg,207
692,1799204099843414774.jpeg,320
693,2313812923922555971.jpeg,208
694,2322006728823978948.jpeg,189
695,2267025958603050391.jpeg,167
696,2134112351050445038.jpeg,226
697,2027185342901125212.jpeg,219
698,2039932353178052539.jpeg,132
699,2014889128793168800.jpeg,312
700,1908159442977910319.jpeg,410
701,1767689449019412684.jpeg,67
702,1758065973858129628.jpeg,257
703,2423392688983237342.jpeg,251
704,1757433119915763901.jpeg,305
705,2318237429336482391.jpeg,199
706,1763831982946591935.jpeg,332
707,2018933544633732783.jpeg,165
708,1764372312399694035.jpeg,181
709,2368256884862845246.jpeg,452
710,2283665867627406124.jpeg,283
711,1765255283409495730.jpeg,172
712,1825495642076704438.jpeg,288
713,2014110980702776986.jpeg,365
714,2422828940324588265.jpeg,293
715,2390194710479109035.jpeg,277
716,2388001636357089593.jpeg,384
717,2372662364518863960.jpeg,410
718,1834297400178857229.jpeg,267
719,1965432288607013109.jpeg,184
720,1764375485615347257.jpeg,111
721,2452329832338820838.jpeg,241
722,2018101954147805308.jpeg,371
723,1761874733937643959.jpeg,349
724,2351627194268608501.jpeg,416
725,2124219607444266598.jpeg,269
726,2025687314285490682.jpeg,308
727,2361848589797095352.jpeg,320
728,2304650392996313488.jpeg,381
729,2438815653728034082.jpeg,260
730,2402288358955770021.jpeg,335
731,2303977433950163464.jpeg,235
732,2379253574734196093.jpeg,195
733,1827753589330749685.jpeg,199
734,1758557309292039766.jpeg,266
735,1988818168815887971.jpeg,323
736,1764432867863059371.jpeg,305
737,2307644498468756884.jpeg,404
738,1762256377123470945.jpeg,464
739,2016887086351925333.jpeg,258
740,2064569069505604925.jpeg,464
741,1830761840570251128.jpeg,258
742,1758803432912825507.jpeg,370
743,1764027906645820383.jpeg,139
744,1754377992194341430.jpeg,192
745,2456219577204113464.jpeg,475
746,2372732040792890163.jpeg,444
747,1989298662148379207.jpeg,238
748,2454128039328747617.jpeg,234
749,2466483901741627540.jpeg,305
750,2013377252062003696.jpeg,403
751,2108759022661082372.jpeg,217
752,1892100368167580693.jpeg,272
753,1763697530236838619.jpeg,329
754,2015543333598143494.jpeg,166
755,1755361205955994147.jpeg,289
756,2013347208104838197.jpeg,269
757,1890087885894381779.jpeg,239
758,1772406486048426067.jpeg,125
759,2021978175084535465.jpeg,177
760,2163221587678303725.jpeg,135
761,1845962372255891321.jpeg,434
762,2423359684768405505.jpeg,189
763,1759603897233711354.jpeg,318
764,2163349534076212279.jpeg,274
765,2357678465700201202.jpeg,201
766,1768370015033196882.jpeg,460
767,2423540970296895938.jpeg,163
768,1847210533934995582.jpeg,493
769,1758208292984990342.jpeg,443
770,1781736963961019968.jpeg,92
771,1799619684719792578.jpeg,351
772,2133583215473539242.jpeg,205
773,2011997279715814526.jpeg,230
774,1708044052485494472.jpeg,257
775,1797367528616396532.jpeg,253
776,2012685488229598237.jpeg,210
777,2064178994971820489.jpeg,472
778,2037101353309833880.jpeg,494
779,1831398907457019905.jpeg,265
780,2259694896239570412.jpeg,193
781,2343085823519116379.jpeg,473
782,2427748436265473583.jpeg,325
783,2033708285340914346.jpeg,291
784,2113088631240932179.jpeg,232
785,1976269581446314609.jpeg,308
786,2370742346340862327.jpeg,409
787,1866763769540082289.jpeg,366
788,2437248233196255332.jpeg,358
789,2311137984476151760.jpeg,328
790,1760979848416948542.jpeg,332
791,2452333130520947840.jpeg,212
792,2014655363764427432.jpeg,474
793,1757504331513665605.jpeg,274
794,2176410012289445899.jpeg,429
795,2432246430214113803.jpeg,389
796,1841391682227110329.jpeg,477
797,2035597278940629888.jpeg,450
798,2193144425299691236.jpeg,324
799,1761069404877142829.jpeg,227
800,2016015818806019766.jpeg,217
801,1826139648305577356.jpeg,382
802,2335190920852202099.jpeg,198
803,2417792874165805429.jpeg,444
804,2065543012746516388.jpeg,273
805,2192325586764748011.jpeg,167
806,1856694687268765366.jpeg,211
807,1760803493754523234.jpeg,388
808,2094985383826727687.jpeg,431
809,1907415969786214112.jpeg,188
810,2387215127811026640.jpeg,259
811,2334078320051517195.jpeg,430
812,1759754473334597470.jpeg,320
813,2017369652249959658.jpeg,421
814,2102389259551303767.jpeg,470
815,2015385935730043815.jpeg,375
816,2357604405498343494.jpeg,204
817,1766155657762941140.jpeg,203
818,2037101954337056415.jpeg,476
819,2016708081928646658.jpeg,310
820,1803881393072227650.jpeg,276
821,1757435143465529429.jpeg,132
822,2417791071965544398.jpeg,315
823,2019135031406102554.jpeg,394
824,1773261309924660654.jpeg,155
825,1745644516902638189.jpeg,285
826,1737852107053393112.jpeg,171
827,2090878681523249197.jpeg,359
828,2034757103922470877.jpeg,166
829,2366307137163692033.jpeg,176
830,1778254863098358531.jpeg,440
831,1874904372405890086.jpeg,307
832,2031919321732444518.jpeg,330
833,1889838373017024949.jpeg,223
834,2062526769791076112.jpeg,228
835,2335527341519908475.jpeg,256
836,2013936593974554784.jpeg,321
837,1789969113039016451.jpeg,426
838,1758868021033746407.jpeg,328
839,1761109804597990638.jpeg,217
840,2016154144527623569.jpeg,234
841,1758214351220838964.jpeg,337
842,2351874873356033650.jpeg,250
843,1760903086137090969.jpeg,375
844,2277055785552688143.jpeg,171
845,2163775126680550409.jpeg,214
846,2390951096061156668.jpeg,494
847,2018366868277929591.jpeg,247
848,2367634300647274338.jpeg,422
849,2340664533919390624.jpeg,385
850,1757428093024416541.jpeg,335
851,2017788953029103137.jpeg,374
852,2062232322469456407.jpeg,211
853,2373664946225194262.jpeg,368
854,1956041291317955416.jpeg,393
855,2012537596340682627.jpeg,193
856,1841601120235929557.jpeg,313
857,2371837642114090526.jpeg,151
858,1773372068165219995.jpeg,342
859,2020181963541655591.jpeg,132
860,2034251062923383020.jpeg,171
861,2383348822376815286.jpeg,467
862,2107241769727961866.jpeg,265
863,1798532254106179341.jpeg,291
864,2023388099802868706.jpeg,194
865,1980650443224406851.jpeg,241
866,2361934867024717693.jpeg,404
867,2422804963660143461.jpeg,188
868,2016399850698905298.jpeg,274
869,2239962378615460678.jpeg,477
870,2329288097123954312.jpeg,193
871,2124990881154140337.jpeg,219
872,2391025121400461249.jpeg,166
873,2024843254184395061.jpeg,186
874,2134256102808873054.jpeg,299
875,2035026681279685123.jpeg,168
876,2347193297489245622.jpeg,206
877,2016894332715686050.jpeg,410
878,1762420426695014040.jpeg,416
879,1863954745668960909.jpeg,433
880,2438487193486822531.jpeg,459
881,2125418006885180908.jpeg,184
882,1759548995639852236.jpeg,293
883,2021341564470772573.jpeg,137
884,1761094512316406749.jpeg,384
885,1788692317441877162.jpeg,154
886,2130552989856480917.jpeg,270
887,1756746666330963085.jpeg,188
888,2055105454971499316.jpeg,240
889,2150173532089061469.jpeg,205
890,1756677366991655139.jpeg,394
891,1786435286935355557.jpeg,188
892,1970312538822702788.jpeg,217
893,2014863101241019235.jpeg,357
894,2016261445720757944.jpeg,237
895,1834366629832963175.jpeg,400
896,2018315127794729962.jpeg,485
897,1763994747829017991.jpeg,187
898,2018442391360206501.jpeg,384
899,2346500699459778886.jpeg,194
900,1757273950784022752.jpeg,493
901,1761047154891307182.jpeg,380
902,2011223398281256871.jpeg,150
903,2416054031842453188.jpeg,223
904,2056767252694920015.jpeg,144
905,1982970691285576172.jpeg,118
906,2016042442821864695.jpeg,252
907,2134254562392106409.jpeg,187
908,2149286241957550710.jpeg,234
909,1868849433049669389.jpeg,153
910,2246638927490071145.jpeg,149
911,1858045065807296198.jpeg,178
912,2147340827880459464.jpeg,230
913,1758951045326804739.jpeg,187
914,1789434379946494344.jpeg,162
915,2013387682433896676.jpeg,420
916,2324253435670450286.jpeg,141
917,2032051593352042207.jpeg,475
918,2444478774509552124.jpeg,181
919,2011803828357199196.jpeg,398
920,1880764301086575974.jpeg,307
921,1760365004428878442.jpeg,235
922,2402526553840778103.jpeg,316
923,2013332905962675996.jpeg,247
924,2103825499255185869.jpeg,343
925,1830777325109823288.jpeg,157
926,2017705110362008739.jpeg,244
927,2369371668899351385.jpeg,207
928,2430064463615730630.jpeg,208
929,2364055319449396761.jpeg,449
930,2446805259886894815.jpeg,272
931,2095952265597930953.jpeg,170
932,1756615393214145868.jpeg,390
933,2384235613803818974.jpeg,300
934,2013401989698002673.jpeg,296
935,2384941904583091376.jpeg,193
936,1867376438924273201.jpeg,383
937,2200337108900397827.jpeg,390
938,1837578035960785769.jpeg,469
939,2385166609839752398.jpeg,331
940,1852925078897247666.jpeg,189
941,2123913175074385775.jpeg,467
942,2160926930761487250.jpeg,460
943,2380131704420244338.jpeg,450
944,2035597406363547539.jpeg,321
945,2181488448351729380.jpeg,367
946,2359464278632435032.jpeg,127
947,2408240496903100136.jpeg,395
948,1759472659072080989.jpeg,206
949,1757326583854657992.jpeg,274
950,1798609627732917012.jpeg,288
951,2356077887659890577.jpeg,492
952,2002849795210930047.jpeg,112
953,2364532831580669231.jpeg,214
954,1980654659498237334.jpeg,430
955,2064885908479481905.jpeg,160
956,1965412769968894046.jpeg,324
957,2424841212688292723.jpeg,413
958,1763228981216507345.jpeg,292
959,1785577422993966789.jpeg,268
960,1773268677806888837.jpeg,374
961,1763777526856729042.jpeg,280
962,2417389454380244513.jpeg,197
963,1760406416570694493.jpeg,254
964,2389244995497554122.jpeg,306
965,2306135154896113390.jpeg,360
966,1802754728518738849.jpeg,396
967,2047217977791224051.jpeg,107
968,2032202921332169930.jpeg,198
969,2396483131598055202.jpeg,165
970,1847308458476924079.jpeg,438
971,1754352785492620511.jpeg,261
972,1788489125515633792.jpeg,409
973,2020590907996249456.jpeg,434
974,2413135256801267798.jpeg,205
975,2168104385725648767.jpeg,301
976,2398598026200305128.jpeg,247
977,2364538928497055454.jpeg,140
978,2134308728128560626.jpeg,447
979,2424310397279150928.jpeg,282
980,1815929324415585173.jpeg,195
981,2016877657942591182.jpeg,246
982,2429240581597030904.jpeg,125
983,2046623897461888900.jpeg,356
984,2169129580735053689.jpeg,222
985,1888309323453566195.jpeg,450
986,2115340010560440411.jpeg,400
987,2427207937700045330.jpeg,250
988,2016016733946463921.jpeg,317
989,2362006232065427483.jpeg,309
990,1870181931686080625.jpeg,249
991,2062317321481457903.jpeg,206
992,2035598161522781402.jpeg,438
993,2011206340594427329.jpeg,375
994,2038013045699472429.jpeg,280
995,2090190309028939960.jpeg,391
996,1890129886270609578.jpeg,346
997,1980658547374932741.jpeg,238
998,1797368075713013134.jpeg,355
999,2014670636961595564.jpeg,455
1000,1755965305001091535.jpeg,230
1001,2437989490226952939.jpeg,311
1002,2331229016812634674.jpeg,319
1003,2184409898905752957.jpeg,339
1004,2447243072812360304.jpeg,269
1005,2049643160360869408.jpeg,498
1006,2312680534905952196.jpeg,333
1007,2359592339650862766.jpeg,292
1008,2156748971813328075.jpeg,394
1009,2260413556549157077.jpeg,185
1010,2068469018238973093.jpeg,368
1011,2450183454241101311.jpeg,454
1012,1759696866632750127.jpeg,386
1013,1831457528408674795.jpeg,219
1014,1773462552664212708.jpeg,216
1015,2447563850247979318.jpeg,325
1016,2350270108420347821.jpeg,213
1017,1761075659280654693.jpeg,339
1018,2117726981072919779.jpeg,103
1019,2333456500348819743.jpeg,490
1020,2369975779780979140.jpeg,353
1021,2374932194152891650.jpeg,465
1022,2366354336446412410.jpeg,441
1023,2127705205230958934.jpeg,375
1024,2194559931529510364.jpeg,195
1025,2370648432275559838.jpeg,237
1026,1761043624218381279.jpeg,254
1027,2018066010153824438.jpeg,268
1028,2430668265720951281.jpeg,418
1029,2049650930441922167.jpeg,484
1030,2014256557555853626.jpeg,238
1031,2186382027662462213.jpeg,188
1032,2310426774960296741.jpeg,326
1033,2416149062037024599.jpeg,161
1034,2403875524441975944.jpeg,301
1035,2030796382096351803.jpeg,303
1036,2012588596250358521.jpeg,479
1037,1856014425048282736.jpeg,416
1038,2027052892753565724.jpeg,382
1039,2346724533987593740.jpeg,496
1040,2359637034657557029.jpeg,419
1041,2015340043392192902.jpeg,243
1042,2157531635734439832.jpeg,237
1043,2383566451666502507.jpeg,396
1044,2439469232105133158.jpeg,434
1045,2348625941352964550.jpeg,365
1046,2260890240984114956.jpeg,318
1047,2088585448611016829.jpeg,132
1048,1851351428675558242.jpeg,291
1049,2053265226658354699.jpeg,301
1050,1760903336285838122.jpeg,262
1051,2424852910444638144.jpeg,333
1052,1898668109204611324.jpeg,392
1053,1906663745491095080.jpeg,219
1054,2059427168850313320.jpeg,272
1055,2315979548813880061.jpeg,462
1056,1849591337914168117.jpeg,275
1057,2017606671624291421.jpeg,476
1058,2362025717234918146.jpeg,483
1059,2372684632901314461.jpeg,459
1060,1757256979950159117.jpeg,295
1061,2284357262803773417.jpeg,109
1062,2337427878163301443.jpeg,429
1063,1802852507878413137.jpeg,252
1064,2022095401502634209.jpeg,206
1065,1760748813049535445.jpeg,195
1066,2371511154916029877.jpeg,362
1067,2311763293360332009.jpeg,258
1068,1765362827284982563.jpeg,366
1069,2424328867324643790.jpeg,175
1070,2338582101116260539.jpeg,249
1071,2451923814517060885.jpeg,391
1072,2120662327096317388.jpeg,158
1073,2362753498822233948.jpeg,250
1074,1760200123620656246.jpeg,213
1075,1781381492477567628.jpeg,115
1076,2327006098287911966.jpeg,367
1077,2019236637380554032.jpeg,274
1078,2351573538938278504.jpeg,263
1079,2039158446133114784.jpeg,434
1080,2354778760909481455.jpeg,416
1081,1755880241867157340.jpeg,463
1082,2162522445798208318.jpeg,242
1083,1755362615644754891.jpeg,260
1084,2350928251366727961.jpeg,401
1085,2345098963073266034.jpeg,400
1086,2330746068794225269.jpeg,429
1087,2262056331282241040.jpeg,453
1088,2015965205443407837.jpeg,150
1089,2307493091996385124.jpeg,430
1090,1765330764246872298.jpeg,214
1091,1759715967878863859.jpeg,100
1092,2404094511880675200.jpeg,360
1093,2161063607710756467.jpeg,254
1094,1980492784955640878.jpeg,289
1095,1773103567286458529.jpeg,130
1096,1758194541539882737.jpeg,372
1097,2288893129080094718.jpeg,287
1098,1759455116412417074.jpeg,303
1099,2448868301206426088.jpeg,302
1100,2380878774370410909.jpeg,379
1101,2400043172737428606.jpeg,434
1102,1714546904115172003.jpeg,214
1103,2122040868807519474.jpeg,209
1104,2016172225660561424.jpeg,223
1105,2111663157006123318.jpeg,471
1106,1788969492635149433.jpeg,233
1107,2415249583117175784.jpeg,442
1108,2358297021487860562.jpeg,383
1109,2449812448331317896.jpeg,262
1110,2407532809846749853.jpeg,453
1111,2318237262478713736.jpeg,303
1112,2013891754532600514.jpeg,348
1113,2014085324808064312.jpeg,326
1114,2268455570847398750.jpeg,332
1115,2026108380715900997.jpeg,306
1116,2437142021507291062.jpeg,236
1117,2365582911649810153.jpeg,477
1118,1756759219245195502.jpeg,286
1119,2367598750238427335.jpeg,265
1120,2315516084412535199.jpeg,376
1121,2005922189011224434.jpeg,407
1122,1795861272690917600.jpeg,167
1123,1758002884498107410.jpeg,264
1124,1758004200477100801.jpeg,329
1125,1757458161671052075.jpeg,141
1126,2017338709721457324.jpeg,297
1127,2017789157073613999.jpeg,321
1128,2024970398076184744.jpeg,296
1129,1761047022720296369.jpeg,316
1130,2015397800812062607.jpeg,289
1131,2278494603076929203.jpeg,112
1132,2098556252728305645.jpeg,304
1133,2013401615449909768.jpeg,307
1134,1760312194358936212.jpeg,348
1135,1731348929399151030.jpeg,224
1136,1877136464257605271.jpeg,332
1137,2316299355031594666.jpeg,194
1138,1837051622975488851.jpeg,295
